Titles,Target
김뿡,0
꼽줘버린 김뿡,0
분명 지누형 생일기념 탈출맵이라고 했는데 김뿡,0
2023 08 25 아웃라스트 트라이얼 w 지누 코렛트 탬탬버린,0
같은 파티원 유니온 상태 크아아아악 김뿡,1
여자어 못 알아먹는 김뿡,1
혀 혀 형 김뿡,0
23 08 24 이터널리턴 w 김뿡 실프 스나랑 다시보기,0
그럼 화면을 돌려 김뿡,0
일본어를 애니로만 배웠을 때 생기는 일 ㅋㅋㅋㅋㅋ 김뿡,1
아이돌에게 이름을 다 빼앗긴 김씨 김뿡,1
우우 이춘향은 사과해라 김뿡,1
한 번 들으면 빠져나올 수 없는 노래 김뿡,1
김뿡X모양 feat 뢴트게늄 크림소다와 샹들리에 KOREAN COVER,0
같은 팀이 될 수 있다면 발이라도 핥겠습니다요 김뿡 주간 하이라이트 8월 1주차,0
애교를 보여줘 김뿡,1
그허는 내가 버흔게 아이쟈냐 김뿡 하이라이트 23년 6월,0
생명의 위협 김뿡,1
2023 08 10 레프트 w 나나양 램램 이춘향 김자칼,1
알파메일 김진우 김뿡,1
아 저군요 어머니 김뿡,1
상황극 도합 40년 김뿡,0
2023 08 07 발로란트 내전 노가리 w 김뚜띠 조디악 지누 삼식 눈꽃 임나은 이춘향 탬탬버린 아구이뽀,1
너 T발 C야 김뿡,0
아이돌 지망생 김뿡 주간 하이라이트 23년 3월,1
2023 08 15 발더스 게이트3 w 고차비 램램 악녀,1
나만 가지고 있는 불법음원 김뿡 주간 하이라이트 23년 5월 4주차,1
2023 08 16 리그오브레전드 w 감블러 실프 헤징 설백,0
츄 손자라서 미안해 악어의 놀이터 1편 김뿡,1
2023 08 02 마크 지누 생일맵 온리업 멀티 w 지누 램램,1
호날두 세레머니에 미쳐버린 녀석들 김뿡,1
2023 06 30 메이플스토리 보스 트라이 w 피닉스박 지누 끠끼 탬탬버린,1
미친 토크수위 김뿡,1
2023 08 16 발로란트 w 강지 감블러 실프 피닉스박,0
2023 08 18 이터널리턴 w 이춘향 탬탬버린,0
제발 졸리지 마 김뿡 주간 하이라이트 8월 2주차,1
인내심의 한계 새로운 혐오 김뿡 주간 하이라이트 23년 5월 2주차,0
탬탬버린 마왕루야랑 수영장 데이트 라고 써져있는데요 김뿡,0
그동안 감사했습니다 김뿡 주간 하이라이트 23년 4월 3주차,1
충격적인 버츄얼 빨간약 김뿡 주간 하이라이트 23년 4월 1주차,1
10년지기 램램티비 친구들이랑 무인도 여행 김뿡,0
살짝만 앙 김뿡,0
2023 07 22 사이퍼즈 자낳대 경매 연습 w 행수 헤징 꽃핀 라마 김유승,1
우승 경력 없는 사람이 둘이나 있는 팀 김뿡,1
2023 06 20 발낮대 관전 중계 플레임 제트 연습,1
탬개구리야 나 못 참겠어 김뿡,1
춘향님 김뿡,1
설백공주 헤징왕자 못난이 둘 김뿡,1
한 번 말하면 멈출 수 없는 단어 김뿡,0
어제의 칩셋 오늘의 폰 픽셀 7a 리뷰,0
픽셀은 도대체 어떤 곳일까,1
제작비를 무려 1800억이나 쏟아부은 참신한 소재의 개꿀잼영화ㅋㅋㅋㅋ,1
ㅎ ㅎ,1
구글은 이게 싸다고 생각하나봐요 픽셀 7a 개봉기,0
살면서 대놓고 사기치는게임은 처음봤습니다 픽셀히어로 뽑기 확률 조작,1
SNS 광고 경쟁사는 다 하고있는 픽셀 설치부터 실제 사용법까지 알려드립니다,0
마케팅쉐어 인스타광고 필수 설치 페북픽셀 인스타픽셀 정의와 활용예시 강의,1
픽셀식 기강 잡기,0
구글의 야심찬 첫 폴더블 픽셀 폴드 처음 만져본 소감,0
PLAVE 플레이브 39 Pixel world 39 Official Lyric Video,1
페이스북 광고 페이스북 픽셀설치 가이드 설치부터 확인방법까지 이렇게만 따라하세요,0
픽셀 메인 예고편,1
ROGER ET LA BELLE MERE atelierdupixel,0
Chandler From MrBeast Plays Our Roblox Game,0
구글에서 나온 첫 번째 폴더블 폰 픽셀 폴드 살까 말까 정해주세요 여러분,0
픽셀 Pixel 보드게임 하는 방법 쉬운 설명,1
코렛트 픽셀사장님과의 첫만남 w 지누,1
안드탭 기강 잡으러 왔다 구글 픽셀 태블릿 개봉기,0
구글 픽셀 7 프로 첫인상,0
드디어 감 잡음 구글 픽셀 6 프로 리뷰 4K,0
와글와글 픽셀 디자인 quot 정형화된 틀 깬 미래지향적 quot 2023 04 25 뉴스투데이 MBC,0
픽셀 막내 정강지,0
픽셀 막내가 되었습니다,1
픽셀건 한국랭킹 1위 길드마스터 각어 장인초대석 테스터훈,0
LG의 빈집 털이를 노리는 구글 픽셀 6 프로 개봉기 4K,0
픽셀 디지몬 어드벤쳐 Butterfly Korean Cover,1
그 돈은 이제 픽셀 것이다 김뿡,1
LE MANOIR EST HANTE atelierdupixel,0
건축하랬더니 웹 게임을 만들어왔다 픽셀 타운 4화,0
실물 리뷰 갤럭시 Z 폴드 게 섰 섰거라 구글의 첫 폴더블 폰 이건 좀 부럽네 l 픽셀 폴드 Pixel Fold,0
픽셀모임에서 패드립 켠왕하는 사람 김뿡,1
마케팅쉐어 인스타광고 리타게팅 하기전 픽셀 타깃세팅 하는법,1
픽셀6 살까말까 참신한 3분정리,0
아이패드로 픽셀아트 시작하기 무료 브러시 튜토리얼 파일 공유,0
quot 픽셀 quot 사장님과 첫 만남에 쌍코피 터진 썰 소속사 이적 공지,1
Comprando los Juguetes Exclusivos de Target El Tio pixel,0
픽셀히어로 확률조작사태 왜 알고도 어쩔 수가 없는가,0
페이스북 픽셀 설치 정상 설치 확인이랑 테스트까지 하셔야 됩니다,0
픽셀 타운 3화,0
픽셀 막내가 사장을 패는 방법 2023년 2월 하이라이트,0
쌍둥이 이벤트 30만원 현질로 초대박 내버렸다 빛 암 S 티어가 나오네 픽셀히어로 2편,0
제작비 1 100억 외계에서 온 비디오 게임 캐릭터가 인간들을 공격한다 팩맨 실사화 결말포함 영화리뷰,1
허위광고와 확률조작까지 말장난이 너무 심한 39 픽셀히어로 39,0
픽셀 롤 내전,1
UNBOXING Hawkeye Marvel Legends 60th Avengers El Tio pixel,0
한국인들만 7년째 모르는 구글 스마트폰,1
야너보 픽셀 보드게임 좌표전략보드게임 Devall,1
파이널 판타지 픽셀 리마스터 1 6 전체 플레이 후기 감상평,1
트위치 현재 사태 정리 침착맨 MrBeast 등,0
지금 트위치 큰일난 이유 1분만에 알려드림,0
미친 딜뽕맛을 느낄 수 있는 통계상 1티어 quot 구인수 트위치 quot,0
ASMR Workt 웍트 유튜브 트위치 캠방송,0
라인전에서만 10킬 ㅋㅋㅋ 트위치 장인 찍찍이쌤 장인초대석 테스터훈,0
트위치 방송은 이제 어떻게 되는걸까요 ㄷㄷ,0
티켓팅 도전 트위치 클립 일일 하이라이트 클립라이트,0
설레는 얼굴 차이 트위치 클립 일일 하이라이트 클립라이트,0
검은사막 BDO JINGGA 2023 08 23 수 징가 트위치 다시보기 124,0
페리도트 그린 팝니다 트위치 클립 일일 하이라이트 클립라이트,0
트위치 장인 출신입니다,1
1년 만에 아프리카로 복귀한 트위치 스트리머,1
트위치 동시송출 제한 대체제는 없나,0
분당 1킬 하고 욕 쳐먹는 법ㅋㅋㅋ9명 전부 날 싫어함ㅋㅋㅋㅋ 서폿 트위치,0
챌린저 장인 트위치 매드무비 High Elo Ratirl Twitch Montage 서리달 롤,1
단 한판에 70킬 관여해버림ㅋㅋㅋ한타 참여율 100 레전드ㅋㅋㅋㅋ 탑 트위치,0
트위치 VOD 중단 방송에 또 제약이 생겼습니다,0
라인전을 보완하고 더욱 강해진 quot 칼날비 트위치 quot,0
quot 서폿 트위치 완벽한 운영법 찾았습니다 quot 단연코 가장 완벽한 트위치 동선 최초공개 서폿 강의 트위치 강의,0
트위치 동시송출 금지 논란,0
슈카월드 트위치 정지 실시간반응 자막O,1
트위치 10년동안 플레이 라인전 단계부터 박살내는 초고수 쥐린내 장인초대석 테스터훈,0
한방에 터트리는 AP에 스태틱을 더한 뉴 템트리로 극찬 받는 탑트위치 터트리는 맛이 좋습니다 종탁이,0
quot 결국 등장한 스태틱 원딜 트위치 quot 구마유시 롤 하이라이트 LCK T1,1
실수로 방송 끄는 것을 깜빡한 유튜버에게 벌어진 일,1
트위치 대체 플랫폼 1분만에 알려드림,0
브실골 승리 치트키는 트위치정글입니다,0
세계최고미드가 만들어낸 괴물 쇼메이커 트위치 테스터훈 뉴메타,1
서폿 트위치가 계속 탑에와요 마스터구간 미친트위치ㄷㄷ 롤 스간,0
슈카 트위치 정지 반응,1
알아도 절대 못 막습니다ㅋㅋㅋ분당 1킬 싸패 운영법ㅋㅋㅋㅋ 탑 트위치,0
와일드리프트 트위치 가이드 챔피언 분석 및 정리,1
탑 트위치로 마스터 갔습니다,0
당할수밖에없는 탑 트위치 운영법,0
아프리카 트위치 시청자는 과연 다른가,0
트위치 주먹왕 ㄷㄷ,1
모두가 놀란 의문의 트위치 장인의 템트리 본인 아님ㅎ,1
무시무시한 트위치 생방송 괴담ㄷㄷㄷㄷㄷㄷ,0
땅우양 생긴게 맘에들지않아 버림받은 이 원딜 티어올리기 좋으니 해주세요 원딜 강의 전프로원딜 챌린저 원딜 트위치 강의,0
트위치 원딜 템트리 룬 몰왕 치속 Twitch Adc 롤 KR 천상계 패치 13 14,0
롤 현 메타 이기기 제일 쉬운 방법 주도검 탑 트위치,1
땅우양 현재 버프 먹고 1티어된 징크스 역대급 카운터 공개합니다 선픽 징크스 만나면 무조건 하세요 원딜 강의 전프로원딜 챌린저 원딜 트위치 강의,0
트위치 최고 시청자 순위 4월,1
트위치 버튜버 대형 방송사고 ㄷㄷ shorts,1
팟지 미션워치 진행중 10시부터 트위치 밤식이랑 합방 김꼬비 오버워치2 생방송,0
트위치 서폿 이거 LCK에서 볼 수 있는건가 Keria Stream Highlight,1
트위치 최고시청자 순위 변화 2016 2023,1
F 특징 트위치 클립 일일 하이라이트 클립라이트,1
땅우양 멸망전 하는데 상대방 원딜이 브론즈다 바로 트위치로 양학가즈아 원딜 강의 전프로원딜 챌린저 원딜 트위치,1
트위치를 해킹한 세구님,0
한국 유튜버들 반성해야 됩니다 영화 스트리머 리뷰,1
트위치 스트리머 막말 논란,0
영화 스트리머 메인 예고편 이푸름 권민혁 김모범 김준형 심소영 2023 05 공포 미스터리,1
여성 스트리머 모임에 떨궈진 40대 아저씨 온리 클라임 합방,0
SONG NIGHT DANCER 트위치 버츄얼스트리머 버튜버 겜블러 치은 shorts,1
유일무이생활인생스트리머,0
SONG 처음엔 사랑이란게 트위치 버츄얼스트리머 버튜버 겜블러 히야 shorts,1
우마무스메 2기 2화 스트리머 반응 모음,0
티키타카 너무 잘 맞길래 물어보니 유명 스트리머였음 헙,1
말 잘못 했다가 나락대신 황천길 가는 스트리머,0
스트리머 빛베리 심각,0
통신사 더비 KT vs T1 중요장면 BJ amp 스트리머 반응 모음 2023 LCK 서머 플옵 2라운드,1
스트리머왕코 BJ왕코 리니지M 케릭정리X 무릅위치에서 다시 어깨라인으로 올라가겠습니다 실속형 라인생활,0
점점 미쳐가는 스트리머 키우기,0
하꼬 스트리머의 현실적인 조언,1
개인방송으로 성공하는 6가지 확실한 방법들,0
캐릭터 컨설팅 바로템 시세 감정 아키 아키워 타양1 궁수 단검,0
방송이 꺼진 뒤 만난 스트리머들 실제 모습,0
유리멘탈 여자친구를 최고의 여캠 스트리머로 만들자 니디걸 오버도즈,1
여동생 삼고싶은 스트리머 1위 그녀 10가지 털어드림,1
1630 고기 워로드 카멘 하드 같이 가실 스트리머 딜2 폿1 구해요,1
영화 스트리머 공포 영상 이푸름 권민혁 김모범 김준형 심소영 2023 05 공포,0
방송켜진줄 모르고 충격적인 스트리머의 실체 Shorts,1
은퇴한 스트리머 주다사 TMI,1
quot 매운맛 quot 여고생 스트리머에게 매도 당했습니다,1
내 번호가 없는 스트리머에게 연락했더니 ㅋㅋㅋㅋ,0
스트리머 최초 1인칭 클리어 온리업 하이라이트,1
스트리머들과의 디펜스 더비 친선전 과연 심리전 최강자는 철면수심,0
요즘 스트리머 별명 상태가 ㅋㅋㅋㅋㅋ,0
팬을 케스팅 하는 버츄얼 스트리머,0
시청자들의 선택 잘생긴 스트리머의 속마음 공개,0
독일 잰미니 스트리머 도네이션 리액션 수준 ㅋㅋㅋㅋㅋㅋㅋ,1
새벽에 만난 위험한 스트리머들,0
고멤들 스트리머 데뷔 시켰습니다,0
8 24녹 비트코인 사또 The last 3500 satto bitcoin Korea no 1,0
스트리머의 하루,1
게임 출연진 전원을 당황시킨 스트리머 마크 미니어처 모드 21화,1
스트리머 최솜이 쫀득 그리고 폭로,1
요즘 스트리머 사이에서 핫한 이슈를 다루는 채널,1
발로란트 최초 스트리머 quot 핵유저 quot 검거했습니다 발로란트 김규태,1
연다 당신이 몰랐던 9가지 사실,1
스트리머왕코 BJ왕코 리니지M 자야 하는데 잠도 안오네요 민속놀이 스타 한판 떄리실분 리니지m유저만,0
이 스트리머는 어디에 내놔도 부끄럽습니다,0
술에 취한 척하는 버츄얼 스트리머,1
아이브 39 러브 다이브 39 로 피아노 스트리머 암살시키기 shorts,1
글로벌K 밤마다 육교로 모이는 중국 라이브 스트리머들 경쟁 고조 KBS 2023 03 01,0
스트리머왕코 BJ왕코 리니지M 케릭정리 안하기로 마음먹었습니다 라인의 발목으로 시작해서 어꺠까지 천천히 올라가보겟습니다,1
요즘 확 바뀌었다는 한국유튜버 최신 구독자 순위 TOP10,1
잼버리 현장 찍은 유튜버에 quot 너 감옥 가 quot 협박 카메라 압수도 D 이슈,0
100만 유튜버 랄랄 한 달 수입 공개,0
추락 비행기서 뛰어내린 유튜버 quot 조회수 올리려 quot 자작극 자백 연합뉴스 Yonhapnews,0
주작하다가 딱걸려서 떡락한 유튜버 part5,1
녹록지 않은 현실 유튜브 떠나는 유튜버들 SBS 실시간 e뉴스,0
결국 뺨 맞은 유튜버 결투 승낙한 이근 그가 내건 놀라운 조건 비머pick 비디오머그,1
궁금한 이야기 Y 유튜버 당신이 몰랐던 그들의 이야기 Y드라이브,1
흉가 체험 다녀온 유튜버 단순 폐건물이 아니었다 자막뉴스 SBS,0
짐승친구들 버츄얼 유튜버,0
오즈모 액션4 언박싱 가난한 유튜버가 살아가는법 우즈벡 우즈베키스탄 국제커플,0
일까지 그만두고 quot 100만 유튜버 되겠다 quot 라는 남편 어쩌죠 JTBC 사건반장,0
이슈톡 노르웨이 유명 유튜버 얼음 깨져 사망 2021 12 03 뉴스투데이 MBC,0
39 유튜버 vs 조폭 39 일촉즉발 경찰 강력 2개팀 인근 배치하기도 JTBC 사건반장,1
경찰 태국에서 선정적 방송한 한국 유튜버 구속 YTN,0
와글와글 초면에 장난치다 총 맞은 미국 유튜버 2023 04 07 뉴스투데이 MBC,0
유튜버 내쫓은 뷔페 업주 경찰 오자 quot 미안 quot 사과하더니 JTBC 사건반장,0
유퀴즈온더블럭 2300만 뷰 유튜버 띠예 바다 포도 먹방 비하인드ㅋㅋ 폭풍 성장한 띠예를 응원하는 구독자 이모 삼촌들의 주접 댓글 띠예,0
수상한 손 동작으로 도움 요청한 900만 유튜버,0
옐언니 파뿌리 100단계 유튜버 테스트 ㅋㅋ 다 맞춰보겠습니다,0
태국 현지 여성과 39 음란방송 39 한국인 유튜버 구속 2023 08 21 뉴스외전 MBC,0
태국서 성희롱 영상 촬영한 유튜버 대사관 국격 훼손 경고 뉴스A,0
오늘 이 뉴스 차관급 발탁된 유튜버에 39 경악 39 quot 극우 유튜버들 희망 준 개각 quot 2023 06 30 MBC뉴스,0
이슈톡 초밥 100개 먹은 먹방 유튜버의 뱃속 2021 03 18 뉴스투데이 MBC,0
자막뉴스 주식 유튜버 털자 돈다발 39 우수수 39 250억 어디서 났나 봤더니 MBC뉴스,1
실수로 업로드한 영상 하나 때문에 실체 드러나버린 유튜버 TOP4,0
39 우크라이나 참전 39 이근 법정 밖에서 유튜버 폭행 논란 SBS 이 시각 뉴스,0
뷔페에서 쫓겨난 유튜버 사장 quot 손님답게 행동해 quot 역정을 JTBC 사건반장,1
quot 평양에서 온 유미입니다 quot 사라진 북한 유튜버 왜 2023 06 23 뉴스데스크 MBC,0
음악 유튜버 성공하는 법,1
quot 절대 가지마세요 quot 50만 일본유튜버가 폭로한 일본의 끔찍한 실체 ㄷㄷ,1
quot 망하게 할 거야 quot 경주 식당 돌며 횡포 부린 39 유튜버 39 왜 JTBC 사건반장,0
0684 세계여행 유튜버 조회수 월간순위 2020년 3월 2023년 7월 곽튜브 빠니보틀 시수기릿 Joe튜브 쏘이 둥지언니 채코제 여행가제이 원지의하루 캐럿맨 테디여행기,1
단독 39 공익 신고 39 유튜버의 두 얼굴 방송 도중 압수수색 SBS 8뉴스,0
글로벌K 미국 20년 넘은 미제 사건 유튜버가 풀었다 KBS 2021 12 14,0
유튜버 웅이 quot 폭행 없었다 quot 전 연인 녹취록에 담긴 39 반전 39 JTBC 사건반장,0
감스트 유튜버분들 죄송합니다,0
폭염으로 쪄죽어가는 한국에 온 프랑스 인기 유튜버가 서울 도착하자마자 카메라 켠 이유,1
자막뉴스 여행 가서 제대로 39 한국 망신 39 현지 보도까지 된 유튜버 YTN,0
충격적인 일베의 연설 극우 유튜버 따라하는 윤석열,0
유명했지만 갑자기 사라져버린 유튜버들,1
난생 처음 인생의 쓴 맛을 느껴버린 3주 신생아,1
난리난 부천역 여자 bj 밀치기 사건,1
잘나가더니 충격적인 이유로 헤어져버린 역대급 커플유튜버 TOP4,1
유튜버가 쉽지 않은 이유,1
여자 행세한 유튜버 방송 도중 폭행한 40대 남성 이슈픽,0
100 리얼이라고 거짓말하더니 처음부터 끝까지 주작이었던 원시인 유튜버,1
세상에서 가장 돈이 많은 유튜버,1
quot 계정 폐쇄하라 quot 유튜버 유지니아 쿠니의 39 바비 39 의상 논란 무슨 일 JTBC 사건반장,0
탬탬버린 이럴 때 아니면 언제 짱 먹어보겠어,0
탬탬버린 어 바로 눈앞에 있었네 버려야겠다ㅋㅋ,0
탬탬버린 극딜 할 때 숨을 못 쉬겠어요,0
탬탬버린 아니 그건 진짜 내가 아니었다니까,0
탬탬버린 8월 2주차 하이라이트 8월 2주차에 있었던 핫클립들을 모아놓은 주간핫클립,0
탬탬버린 자발적으로 삥을 뜯기는 나,0
탬탬버린 얘들아 나 듣고있어 알고있는거지,0
탬탬버린 아니 유니야 그게 무슨소리니,0
탬탬버린 그거 그렇게 하는거 아닌데 ㅋㅋ,0
탬탬버린 RPG에서 젤 어려운거 닉네임 정하기,0
탬탬버린 8월 1주차 하이라이트 8월 1주차에 있었던 핫클립들을 모아놓은 주간핫클립,0
탬탬버린 아니 이거 허접보스 아니었냐고,0
탬탬버린은 혼자서 40분동안 웃는다,1
탬탬버린 아무리 언니라도 새벽3시는 곤란해,0
탬탬버린 내 캐릭터 너무 못생겼어,0
탬탬버린 춘향형님 제가 막내교육 빡세게 시키겠습니다,0
탬탬버린 하 진짜 사람을 멀로보고 ㅋㅋ 참나 ㅋㅋ,0
잠에서 덜 깬 탬탬버린이 너무 귀여워,1
탬탬버린 메이플 딸깍 사냥 매드무비 찾아보기,1
탬탬버린 스트리머들이 모인 서버에서 만나자마자 하는 얘기가 이거라고 ㅋㅋㅋㅋㅋㅋㅋㅋㅋ 악어의 놀이터1편,1
탬탬버린 메이플 조별과제 절망편,0
탬탬버린 탬탬버린 7월 1주차 하이라이트 7월 1주차에 있었던 핫클립들을 모아놓은 주간핫클립,0
탬탬버린 아니 내가 어때서 그래 진우야,0
탬탬버린 7월 2주차 하이라이트 7월 2주차에 있었던 핫클립들을 모아놓은 주간핫클립,0
탬탬버린 7월 3주차 하이라이트 7월 3주차에 있었던 핫클립들을 모아놓은 주간핫클립,0
탬탬버린 운영자 공식 피셜 망캐 탬탬버린 지능 999 악어의 놀이터3편,1
탬탬버린 메이플 현명하게 하는 법ㅋㅋㅋㅋ,1
탬탬버린 원기형 자석펫 너무매워요,0
탬탬버린 아니 유니야 이거는,1
탬탬버린 내 배추 살려 악어의 놀이터6편,1
탬탬버린 7월 4주차 하이라이트 7월 4주차에 있었던 핫클립들을 모아놓은 주간핫클립,0
탬탬버린 대회에서 인정받은 나의 할매럴킹 ㄷㄷ,1
탬탬버린 이거 좋은거임 진짜모름ㅋ,1
탬탬버린 비호감이 두명 있으니까 더 재미있음ㅋㅋ,0
탬탬버린 마이크만 켰다하면 잼민이 혹은 티모성우 의심받는 나,0
2023 06 23 저스트채팅 롤토체스 탬탬버린 다시보기,0
탬탬버린 칸트와 탬트,1
탬탬버린 6월 5주차 하이라이트 6월 5주차에 있었던 핫클립들을 모아놓은 주간핫클립,0
탬탬버린 6월 4주차 하이라이트 6월 4주차에 있었던 핫클립들을 모아놓은 주간핫클립,0
탬탬버린AI ver 탬탬 귀여워서 미안해 VER 한국어 주르르 JURURU 가사 포함 AI Cover,1
탬탬버린 악어의 놀이터 후유증,1
탬탬버린 진짜 진우야 이러면 안된다고,1
탬탬버린 아 아니에요 저 쓰레기 아니에요,0
탬탬버린 어쩐지 강지한테 많이 혼나더라니 ㅎ,0
탬탬버린 헉 코순이는 실존한다,0
탬탬버린 교수님의 나이에 호그와트에 입학한 나,0
2023 07 11 저스트채팅 메이플스토리 탬탬버린 다시보기,0
탬탬버린 제일 재미있는 돈날리는거 구경하기 근데 문제는 내돈이다,1
MV GIRL 39 S DAY 걸스데이 Darling 달링 Cover by 주르르,1
MV 아이돌 최애의 아이 OP Cover by 주르르 feat 비챤,1
우주ㅋㅋㅋ최강ㅋㅋㅋㅋ귀요밐ㅋㅋㅋㅋ,0
징버거약혼녀,0
왁굳님 차 제가 살게요,0
숲튽훈 amp 주르르 STH amp JURURU 고속도로 로망스 Freeway Romance Official MV,1
여름캠프라고 속이고 공포게임 시켜버리기 1팀 아이네 amp 주르르,0
언니는 다른 데도 살이 있잖니,1
2023 08 17 이세돌 합방 여름 캠프 담력시험 주르르 다시보기,1
고멤 아카데미와 첫 만남,0
NCT DREAM 엔시티 드림 Candy Cover by 주폭소년단,0
B형 특 다혈질임 유사과학월드컵,1
그저 형의 칭찬이 좋은 르르땅,0
MV TWICE 트와이스 SCIENTIST Cover by 주르르 feat 아이네,1
왁두 티셔츠 무료나눔 해주셨던 분 찾습니다,0
부산행 비행기 트위치 클립 일일 하이라이트 클립라이트,0
우왁굳 덤벼라 닌닌이다,0
귀족희 오디션 영상을 보는 르르땅,1
이거는 무조건 르르땅이 해야 해요,0
흑막르르,0
쭈굴굳,0
MV 귀여워서 미안해 한국어 Cover Cover by 주르르,1
지구는 정육면체일 것이다 이과 시청금지,0
경찰서를 자주 갔던 이유,1
절대 수영장에 들어가지말 풍덩,1
둘기 난민 특,1
MV 봄 사랑 벚꽃 말고 Cover by 주르르 with JFS,1
왁굳형 조용히 좀 해줘,0
벽에 끼인 주르르 만화,1
불곰과 주르르,1
멤버들한테 섭섭해서 울어버린 세구땅,0
주르르 vs 고세구 이세돌 최강 츤데레는 트위치 클립 일일 하이라이트 클립라이트,0
이네언니가 이런 목소리도 낸다고,0
전기세를 무시하면 안되는 이유,1
몰카 이세계아이돌에게 돈을 빌려보았다,1
2023 08 10 붕괴 스타레일 맞춤법 용사 ASMR 주르르 다시보기,0
친척들 앞에서 귀여워서 미안해를,1
남카데미 비가 오는 날엔 COVER 주르르 반응,0
2023 08 05 공주님을 부탁해 이터널리턴 연습 주르르 다시보기,0
2023 06 09 반말데이 신비한 동물 퍼즐 팬게임 주르르 다시보기,0
기분이 좋은 르르땅은 풍유환을 샀다,0
킹받는 모기챤 주르르 반응,0
2023 06 19 근거없는 유사과학 이상형 월드컵 온리업 음성도네 주르르 다시보기,0
2023 08 18 이세계 아이돌 3집 KIDDING 공개 주르르 다시보기,0
친구야 왜 혼자 먹어 ㅎ,0
새로 만난 유니콘 친구가 너무 맵다,1
하늘에서 지켜볼게,0
흐흐흐 망개야,0
슈우웅,0
결국 되기로 했습니다,0
아이돌,1
제발요,0
뿔을 달여서 먹을 때가 됐나,1
아르르르,0
둘이 같이 있어,1
붕어맨과 개소녀,0
끼아아악 감블러 제발 천천히 가,0
축하드려요,1
탬탬버린 감블러님 1 1 식사데이트 시켜드릴게요,0
상황극,1
발로란트 9분동안 감블러의 에임 보기 발로란트 매드무비,0
결혼 애니메이션,1
슈퍼스타의 조짐이 보이는 감블러 자낳대 EP 화,0
으어아,1
그게 아니고,0
나는 벌꿀오소리,0
캬 탬황,1
에필로그 감블러 ai cover,1
마법소녀가 되어버린 감블러ㅋㅋㅋㅋㅋ,0
2차 백신 애니메이션,1
당했다,1
39 5만명 39 앞에서 큰 결심을 다짐한 감블러,0
소녀 웃음 애니메이션,1
츄,1
그녀들을 웃기는 방법 애니메이션,1
ㅋㅋ나잖아,0
2023 08 01 이터널리턴 ETERNAL RETURN 감블러 김뿡 이춘향 다시보기,0
23 08 12 발로란트 내전,0
23 07 09 노래방 싱크룸 김뿡 금사향,1
감블러 그는 신인가,0
내려갑니다,0
23 07 30 이터널 리턴 24인 내전,0
감블러 클래식 제 1악장,1
23 07 29 슈퍼 마리오 메이커2 켠챔스,0
에잉 쯧,1
놀라울 만큼,1
23 07 22 구스 구스 덕,0
행복했던 일주일의 시작 1화,0
FPs 마지막 화 4화,0
2023 롤낳대 따봉디제도 연습 과정,0
춘펀치 애니메이션,1
하 하쥐마 마니또 이세돌 합방,0
아이네 릴파 뢴트게늄 해루석이 팀이다 브축대 VR 축구 대회,0
20230824 고놀 감상 아이봤 아이네 다시보기,0
근데 먹을거양,1
20230817 이세돌 합방 여름캠프 담력시험 아이네 다시보기,1
2023 8 27 망우 중앙 교회 금요 찬양집회 및 기도회 Live,0
평행세계 이세돌 2화 아이네 더빙,1
아이네 화장실 만화,1
아이네 불나는 만화,1
아이네를 보고 싶었던 한 팬 트위치 클립 일일 하이라이트 클립라이트,1
나도 핑크 캐릭터 가방,1
이세돌 미로 팬미팅 후기 만화 아이네 반응,1
도네이션 헛소리 컷,0
MV 고멤가요제 MASHUP 아이네 INE,1
계속 웃어서 목이 너무 아파 슈퍼버니맨 with 징버거,0
이세계 이야기 대운동회 아이네 더빙,0
아이네 포인트 도박의 비밀 만화,1
반면교사 모음집 카톡 극혐 고백 월드컵,1
20230820 이세돌 합방 와글와글 이세계 홈파티 아이네 다시보기,1
아 왕자 보고싶어 공주님을 부탁해,0
20230808 팬게임 공주님을 부탁해 아이네 다시보기,0
흡혈사슴 아님 아무위키,1
이세돌 석기시대 만화,1
죽여버리겠다,1
아이네 마법소녀 금전,1
20230708 연애 노가리 카톡 고백 월드컵 아이네 다시보기,1
아이네식 배그 숨음 왁타버스 배그 대축제,0
그래 내 꼴을 봐,1
무슨 버튜버가 노래를 이렇게 잘해 quot 아이네 quot 9가지 털어드림,1
20230623 멜론 명예의 전당 축제의 노래뱅 아이네 다시보기,1
20230815 왁타버스 신곡 감상 집사카페 맵 점검 돌쇼츠 맵 탐방 옛날 오타쿠 노래뱅 아이네 다시보기,0
캬 너무예뻐 빨리봐줘,0
마네쟈 고마워,1
뭐든 끼워 넣어 보아요 팬게임 신비한동물퍼즐,0
배우는중입니다,1
취향 해명하는 만화,1
평행세계의 이세돌 아이네 더빙,1
아이네 방송 에티켓,1
20230818 KIDDING 키딩 음원 발매 담력시험 왁굳님 시점으로 다시보기 아이네 다시보기,1
20230626 잔잔 노가리 짧뱅 아이네 다시보기,0
지구용사 햄가드 만화,1
잃어버린 햄이네 찾았어요 아이네 반응,0
아시겠어요 아시겠냐구요 드르렁,1
부엉이네 도장 아이네 반응,0
아이네 입덕일지 요술봉편 아이네 더빙,1
파피 플레이타임3 티저 아이네 반응,1
크라잉넛 Crying nut 비둘기 Pigeon,0
비둘기야 어딜 가니 황소윤 amp 최정훈 고음 폭발 비둘기 황소윤 X 최정훈 더 시즌즈 최정훈의 밤의공원 KBS 230728 방송,0
세로 황소윤 amp 최정훈 비둘기 원곡 크라잉넛 더 시즌즈 최정훈의 밤의공원 KBS 230728 방송,0
공원 비둘기 잡아서 기생충이 얼마나 많은지 확인해 보았습니다,1
도심에 비둘기가 왜 많은지 이해 시켜주는 영상,0
비둘기 새끼 줍 비둘기의 최후는,0
비둘기가 먹방 주워온 비둘기 밥상머리 교육,0
비둘기 비둘기,1
비둘기 가족 여름 피서지 흐르는 물가를 떠나지 않는 비둘기 가족의 피서법 비법이라 할 것 없이 물가를 벗어나 불가마 속에서 생존치 못하는 폭염 경보에 살아남는 비법은 딱 하나,0
남고에 들어온 비둘기의 최후,1
세상에서 가장 멍충한 비둘기,1
나는 태어난 지 19일 된 비둘기 새끼다 애니멀봐 나새끼 20호 I 39 m A 19 Days Pigeon,0
다음 중 비둘기가 아닌 것을 찾으시오 정답 없음 Find Any of the Following that 39 s not a Pigeon Answer None,1
크라잉넛 비둘기 올댓뮤직 All that Music KBS 201029 방송,0
서럽게 39 구구구 39 우는 비둘기 발걸음 멈춘 사람들 연합뉴스 Yonhapnews,0
3년 전에 떠난 아내가 흰 비둘기로 환생했다고,0
이집트 비둘기 먹어보기 유라시아94,1
Video for cats 11Hours 고양이가 좋아하는 영상 새 비둘기 11시간 고양이예능 놀이 힐링 자연 4K Bird Nature Play Relaxing 외출용ver,1
99동 999호 비둘기들이 모여사는 아파트ㅋㅋㅋ Doves That Moved into an Apartment in a Group,0
도심 비둘기는 왜 발가락 하나가 없을까,0
비둘기는 어떻게 전 세계의 도시를 점령했나 알고 보면 적응의 진정한 승자,0
비둘기는 엄청 많은데 왜 사체는 보이지 않을까,1
미리보기 황소윤 amp 최정훈 비둘기 더시즌즈 최정훈의밤의공원 shorts kbs,0
비둘기가 멸종위기종이라니 전국에 100마리만 남았습니다,1
평화의 상징이던 비둘기는 어쩌다 혐오스러운 닭둘기가 되었을까,0
비둘기에서 익룡으로 진화하는 크로우,0
실제로 존재하는 돌연변이 비둘기 ㄷㄷ,1
비둘기는 횡단보도 신호도 알아볼까,0
은혜갚은 비둘기,1
요즘 비둘기 특징,1
EBS SPACE 공감 미방송영상 크라잉넛 비둘기,1
북한에 비둘기가 없는 이유ㄷㄷ 비둘기의 소름 돋는 비밀 TOP5 빠퀴2tv,1
비둘기를 내쫓는 가장 효과적인 방법은 KBS 위기탈출 넘버원 150903 방송,0
비둘기는 왜 겁대가리가 없을까,0
도심에 사는 비둘기 개체수 약 50만 마리 평화의 상징 에서 혐오의 대상 으로 전락해버린 비둘기 비둘기의 이유있는 변명 다큐 시선 골라듄다큐,0
실화탐사대 사료값만 한 달에 400만 원 비둘기떼 먹이 주는 여자 엠뚜루마뚜루 엠트루 MBC220707방송,0
길거리 무법자 비둘기를 사로잡는 법 576회,0
우리가 새끼 비둘기를 본 적 없는 이유 shorts,1
비둘기 리뷰,1
비둘기 지능,1
비둘기 Dove,1
실화Pick 그녀는 왜 비둘기 엄마가 되었나 실화탐사대 실화On MBC220707방송,0
꼭 안비키는 비둘기들 있음,1
비둘기에는 세균이 진짜 많을까 실험맨이 직접 잡아봤습니다 Are pigeons really full of germs,1
비둘기 밥 먹는 속도,1
닭둘기 잡기,0
비둘기를 손으로 잡는다고,0
비둘기랑 엘리베이터 탄 만화,1
비둘기의 하루 똥싸기 번식 사람 음식 뺏어먹기 비둘기 시뮬레이터 겜브링 GGAMBRING,0
이세계아이돌 ISEGYE IDOL KIDDING 키딩 Official MV,1
이세계아이돌 ISEGYE IDOL LOCKDOWN 락다운 Official MV 마법소녀 이세계아이돌 웹툰 OST,1
이세계아이돌 ISEGYE IDOL 리와인드 RE WIND Official MV,1
이세계아이돌 ISEGYE IDOL Another World 어나더 월드 Official MV 차원을넘어 이세계아이돌 웹툰 OST,1
이세계아이돌 NEWS,0
이세계아이돌 KIDDING 안무실 연습 장면 공개 Dance practice,1
세구 너 하고싶은대로 해,0
ISEGYEIDOL 이세계 아이돌 LOCKDOWN 락다운 가사 Webtoon OST Color Coded Lyrics Han Rom Eng PinkyPeachy,1
ISEGYE IDOL 이세계아이돌 KIDDING Lyrics 이세계아이돌 키딩 가사 Color Coded Lyrics Han Rom Eng,1
이세계아이돌 고세구가 인기많은 이유,1
이세계아이돌 KIDDING 키딩 최초공개 이모팬 찐반응 및 리뷰 이세돌3집,1
이세계아이돌 업적 모음 50가지,1
이세돌 키딩 작곡가들 음악감상회,1
네 2D 아이돌이요 작곡가의 관점에서 본 이세계아이돌 ISEGYE IDOL LOCKDOWN 리뷰 미친감성 미디 작곡 보컬 Kpop 케이팝,1
이세계아이돌 39 KIDDING 39 Dance performance video in 이세계 홈파티,1
이세계아이돌 KIDDING Concept Trailer,0
비챤 반응 우왁굳 KIDDING 키딩 이세돌 3집 왁컬로이드 COVER,1
LOCKDOWN 이세계아이돌 같이보기 반응,1
LOVE DIVE 이세계아이돌 COVER IVE 아이브 러브다이브 isegye idol,1
3집 KIDDING 키딩 유출했었습니다,1
이세계아이돌 티케팅 체험 Shorts 이세계아이돌 징버거,0
이세계아이돌 LOCKDOWN 댄스 퍼포먼스 아이네 징버거 주르르,1
1시간 이세계아이돌 KIDDING KIDDING 가사 Audio Lyrics,1
소속아이돌을 못 알아보는 사장님,1
버거땅의 과거 이세돌 핫클립,0
세구야 세구야아니제 세구야 세구야정신차리바라 세구야 니진짜아니제 세구야에바야진짜빨리일어나 나진짜너무재밌었어이세상이 장난그만치고빨리일어나아 세구야아아아 나는심장이없어,1
이네 언니 고통받는게 왜 이렇게 즐겁지,0
충격받은 고세구 이세돌 핫클립,0
3집 또 유출됐다,1
이세계아이돌 ISEGYE IDOL KIDDING 키딩 MV 반응,1
이세돌이 불법주차에 대응하는 법,1
마법소녀 이세계아이돌 웹툰 9화 BGM,0
락다운 보는 유니 이세계아이돌 ISEGYE IDOL LOCKDOWN 락다운,1
KIDDING 고양이 챌린지ver kidding cat challenge kiddingchallenge kidding 이세계아이돌,0
오디션 도중에 엄크 뜸 ㅋㅋㅋㅋㅋㅋㅋㅋㅋㅋㅋㅋㅋ 이세계 아이돌 Ep 1,1
이세계아이돌 5집 탈락곡 What 39 s your color,1
2023 08 18 이세계아이돌 3집 39 KIDDING 39 공개 비챤의 다시보기,0
이세돌 어나더 월드 차원을 넘어 이세계 아이돌 OST 반응,1
1년 반만에 나온 한국형 버튜버 신곡 Shorts,1
이세계아이돌 ISEGYE IDOL LOCKDOWN 락다운 메르헨 Marchen,1
멜론 상위 0 001 찍은 버츄얼 아이돌 고세구 7가지 털어드림,1
이세계 아이돌 Lockdown Cover by 한결 X 쿠모,1
국내 최초 버츄얼 걸그룹 39 이세계 아이돌 39 에 대한 32가지 재미있는 사실,1
이세계아이돌 키딩 안무는 채택안되어도 나는 노래를 1년먼저 들었지롱,1
FULL cover 이세계아이돌 ISEGYE IDOL KIDDING 키딩 DANCE COVER,1
전세계에 생중계된 이세돌 핫클립,0
이세돌 엄크모음,0
르르야 르르야 르 르르야 르르 르,0
이세돌 24시간 릴레이 방송 공약 비하인드,0
이세돌 은퇴이후의 인생 바둑시합 생각있다 리쉬안하오 의혹 신진서의 바둑 인공지능의 현재와 미래,1
이세돌 실물 유출,1
LIVE 이세돌 신곡 키딩 최초 시청 및 CG 분석,1
남탕의 비밀을 들은 이세돌 전원 비명,0
고머님의 3집 축하 말씀,0
살인마에게 쫓기는 4가지 유형 이세돌 합방,1
상남자 쿠울가이 캘리칼리,1
후욱후욱 챠니챠니 뀽,1
전세계 버튜버 3위 비챤 이세돌 핫클립,0
세구세구야 그게 무슨 소리니,1
이세돌 2기 소식에 울어버리는 세구,1
이세돌 던지기 1분 전 2억짜리 붙임 한방으로 기적의 대역전 제8회 춘란배 결승 1국 이세돌 VS 씨에허 2011 06 27 바둑 이세돌 묘수,1
이세돌 단체 고먹금,0
여고생들의 이세돌 최애는,1
MV 자다깨니 야자수 Cover by 고세구,1
누워서 회의듣다가 걸린 썰 이세돌 핫클립,1
230817 3집 출시 기념 이세돌 담력시험 릴파 다시보기,1
마라탕이 맛없는 비챤 이세돌 핫클립,0
친구야 그게 무슨소리니,1
이세계아이돌 KIDDING 키딩 반응 멜론 6위,1
코로나가 쓰러지지 않아,0
이세돌 키딩을 들은 뢴트님과 남도형 찐반응,0
원곡자가 안불러도 듣기 좋은 명곡 슈가맨 커버곡 1 첫번째45곡 가사 Korean Lyrics 타임라인 고음질 일할때 슈가맨 커버곡,0
Playlist 원곡자도 들어봐야하는 가수들의 다른가수 커버곡 모음 10songs,1
미공개맛집 조회수 100만뷰 레전드 커버곡 원래 제 노래입니다 8호가수 임세준 오늘은 가지마 싱어게인2,1
최신 리메이크 노래모음 광고없음,1
원곡만큼 귀에 꽂히는 리메이크커버곡 노래모음 듣기좋은 노래추천,1
Cover 스토커 10cm l Sung by CHA EUN WOO,1
리메이크 REMAKE 134곡 가사 Korean Lyrics 타임라인 고음질 일할때,1
원곡보다 좋은 리메이크 노래 모음 2시간 연속듣기,1
콩순이맘 시간여행 유친분들의 커버곡 음악방송 23,0
헤어지자 말해요 박재정 cover by 유이설,1
Playlist 원곡만큼 좋았던 리메이크 곡들 모음 리메이크 플레이리스트,1
December DK 디셈버 cover songs 커버 곡 모음 1시간 Playlist,1
Cover TAEIL 한 페이지가 될 수 있게 Time of Our Life DAY6,1
COVER 도겸 Betelgeuse 원곡,0
PLAVE PlayList 플레이브 멤들이 올려줬던 커버곡 모음 플리3,1
109개 넘는 커버곡 중 가장 기억에 남았다 권진아의 뉴진스 39 Ditto 39 커버 더 시즌즈 박재범의 드라이브 KBS 230312 방송,0
4K 허찬미 모래알갱이 임영웅 커버곡 Cover by 찬미,1
COVER 호시 아픈 길 원곡 DAY6,0
성시경 노래 54 아로하 With 이재훈 l Sung Si Kyung Music,1
커버곡 그집앞 이재성 불금을재미있게보네는방법 그집앞 이재성,0
원곡도 좋지만 리메이크곡도 넘나 좋아 1 리메이크 amp 커버 플레이리스트,1
여자 아이들 G I DLE 39 퀸카 Queencard 39 cover by 새송 SAESONG,0
듣기좋은 커버곡 팝송 감미로운 어쿠스틱팝송 Acoustic Pop Songs,0
로이킴 Roy Kim 커버곡 모음 2023 업데이트 버전 노래모음 듣기,1
잔잔한 리메이크 노래모음,1
헤어지자 말해요 박재정 임한별,1
아이돌 YOASOBI 아야츠노 유니 Cover,1
원곡 잡아먹은 레전드 커버곡 이문세 김광석 조용필 SG워너비 이소라 블랙핑크 이하이 엑소 이적 들국화 심수봉 유재하 시나위 등,0
IVE 아이브 39 I AM 39 cover by 새송 SAESONG,0
전 보컬그룹의 클래스 라도가 부르는 빅뱅의 IF YOU 홍김동전 KBS 230511 방송,0
Cover DAY6 한 페이지가 될 수 있게 by 감제이,1
COVER 노아 Betelgeuse 원곡 Yuuri Covered by Noah 플레이브 PLAVE,1
이보람 커버 곡 모음 이보람 노래모음 바라만 본다 My Way 이수 미친 사랑의 노래 씨야 You 김상민 비가 오는 날엔 비스트,1
이보람 커버 곡 모음 이보람 노래모음 바라만 본다 My Way 이수 미친 사랑의 노래 씨야 You 김상민 비가 오는 날엔 비스트,1
고양이가 부르는 BTS 방탄소년단 39 Butter 39 고양이 최초 커버곡 cover by Benny,0
커버곡 BLACKPINK medley Cover,1
내가 들으려고 만든 이석훈 커버곡 모음,1
LADY Kenshi Yonezu 요네즈 켄시 cover by LILPA,1
COVER 승관 Love poem 원곡 아이유,0
다가갈수록 미워지니까 7명이 부르는 어디에도 원곡vs커버곡,1
COVER 이날 커버곡 영상 더 찍었는데 몰랐쬬 ㅋㅋㅋ 다시 사랑한다면 도원경 홍진영 쌈바홍 HONGJINYOUNG SSAMBAHONG,1
골라봐야지 역대 내 노래 커버곡 중 최고야 말리꽃 부르는 정홍일은 못 참지 친 헤비메탈 정홍일 가창력 모음 유명가수전 JTBC 210430 방송 외,1
PLAYLIST George 죠지 커버곡 모음,1
모아들이 뽑은 태현이 커버곡 TOP7,1
COVER 승관 너를 그리는 시간 원곡 태연,0
Lee Seung Gi 천년의 사랑 cover,1
Live 사건의 지평선 cover 정은지 원곡 윤하 1key UP,1
대체불가 음색깡패 장범준 커버곡 노래 모음 Jang Beom June Best Cover Songs 23,1
최초공개 박효신AI가 부르는 quot 거리에서 quot 가사 고퀄 AI커버,1
일진 창법 VS 찐따 창법ㅋㅋㅋ 사건의 지평선,1
그림만 그리면 욕먹는 스트리머,1
AI 고프로 Lemon 트위치 스트리머 고프로 ai 커버,1
SNS에 잘생긴 남자가 많은 이유는 shorts,1
유튜버vs트위치vs아프리카 최후11인 엑기스 모음 스트리머노래대전,0
띵띵땅땅 맛깔나게 추기 신동 슈트리머,0
팬티로 머리 묶기,1
일소라 일반인 푸른산하 슬로우비타 Never ending story 부활 cover,0
전소민 댄싱머신 남자 경호원 본격 춤사위에 놀라움 가득,0
살 좀 쪘지만 여전히 잘생긴 유전자 청년,1
모르는 아버님 앞에서 띵띵땅땅,1
충격 문빈 산하 띵띵땅땅 챌린지 실존 MOONBIN SANHA 아스트로 ASTRO DIFFUSION,1
엔믹스 이 친구 안 불러 원본 junwonlee 인스타 입니다 엔믹스 nmixx 배이 설윤 한림예고,1
보는 사람도 흥 올라버리는 39 사건의 지평선 39 커버,1
박효신 사건의 지평선 윤하 원곡 Park Hyo shin AI voice cover,1
아이리 칸나 유우리 베텔기우스 커버 COVER,1
레이 삑사리에 웃참실패 댕댕이 ㅋㅋ,1
결혼식 찬조 공연 레전드 영상 ft 원조 틱톡커 황철순 shorts,1
사건의 지평선 원조 맛집ㄷㄷ,1
스트리머노래대전 결승3부 관객 모두 기립박수친 최종 결승무대,0
띵띵땅땅 장인들 seet nh shorts 띵띵땅땅,1
안유진 입수,1
지누AI 너 사용법 에디킴 AI Cover,1
39 던파OST 마지막 재회 cover by LILPA amp Roentgenium Reaction 리액션,1
혜다 사지평 7키 성공하고 첫승 사건의 지평선 키업 레전드,1
MC도 결국 눈물을 보이고만 역대급 안예은의 상사화 커버,0
요즘유행하는 띵띵땅땅챌린지,1
이딴게 버츄얼30문답 shorts,1
일반인이 부른 더 크로스 Don 39 t Cry,1
유튜버 트위치 아프리카tv 스트리머 분들 꼭 봐주세요 중대발표,0
베트남 도자캣 틱톡에서 엄청 핫했던 띵띵땅땅 그 노래 가사 번역 Ho ng Thu Linh See T nh,1
띵띵땅땅 모아보기 ding ding dang dang,1
완 안타까운 나이에 하늘의 별이된 스타 52인,1
히든싱어 나가셔도 될듯 ㄷㄷㄷ shorts,1
2022 올해 한번쯤은 들어봤을 베트남 노래,1
유재석 VS 차은우 당신의 선택은,1
커버 장인 ㄷㄷ shorts 사건의지평선 노래커버,1
게임 방송 2개월 차 피지컬,1
shortvideo dance,1
박혜원 HYNN 사건의 지평선 존박 Flower HUP 노래방,1
사건의지평선 작곡가 선넘네,1
마메게임방송,0
억을줘도 근무하고 싶지 않은 미친 회사 야간경비,0
인터넷 방송 7년차의 현실적인 이야기,1
생방송 다시보기 7시 금강선 디렉터 라이브 타임라인O,1
6년 방송인생중 가장 무서운 공포게임,0
트위치 로지대장 종합게임방송,0
엘든링 전세계가 난리 난 바로 그 게임 방송입니닷 대도서관 생방송,0
소름주의 방송이 끝난 후,0
대도LIVE 디아블로4 드루이드 오픈런 Diablo4 Druid 게임방송 23 06 02 2부,0
대도LIVE 공포게임 야간경비 칠라스 아트 신작 게임 방송입니다 23 06 28,0
남자만 있는 학교에 여학생 전학 시키기,0
눕프핵마을 위기,0
저희는 몸 팔아서 게임합니다 대출 풀 컬렉 실비리세마라 인생나락특집 1부,1
멸치유튜버 운동 시키려고 돈으로 패는 시청자들 링피트,0
대도LIVE 스택랜드 진짜 이거 열라 재밌어요 강추강추 게임 방송입니닷 22 10 07,0
게임 설정만 4시간동안 하는 스트리머 유로트럭,1
리리코 게임 방송 합니다,1
처음 게임방송을 시작 할 때 알아두면 좋은 팁 지누,1
와이프 레이드 고정파티 만난 썰,1
식인종들이 사는 섬에 떨어졌습니다,0
아르마3 랜덤고지전 감독판 오리지날 컷 8분 추가,1
대도LIVE 주옥 엄청 무섭다는 공포 게임 구구덕 마피아 게임 방송입니닷 23 08 14,0
대도LIVE 백수에서 사장까지 quot 성공하기 게임 quot 빅 앰비션스 게임 방송입니다 23 04 19,0
실화 6년만에 편집본이 나왔습니다 GTA5 탈북 3,1
아메리카 일진 체험하는 게임ㅋㅋㅋ,0
파트너 게임 방송이고 뭐고 찐텐으로 빡친 풍자,1
격투 게임 방송으로 돈을 벌겠다는 40살 남편 무엇이든 물어보살 KBS Joy 210607 방송,0
quot 내려 quot,0
로스트아크 반갑습니다 행복한 주말 되시길 바랍니다,0
순간의 사고로 사망한 유튜버들,1
왕 몰래 죽이고 왕 되는 게임ㅋㅋㅋ 주둥이방송,0
대도LIVE 반반유치원 겁나 무섭다는 공포 게임 방송입니닷 23 04 12,0
아무리 무서운 공포게임이라도 4명이서 한다면 무섭지 않다,1
유리온실 다시 돌아온 유리의 게임 방송,0
대도LIVE 젤다의 전설 왕눈 게임 방송입니다 23 06 13,0
대도LIVE 온리업 제2의 항아리 게임 방송입니닷 23 06 18,0
한 달 안에 팔로워 100만 명을 달성하기 위한 quot 위험한 방송 quot 이 시작되었다,1
우왁굳 vs 멀기트,0
2023 08 26 할거없어서 하는 고전게임 방송 던드2 던전앤드래곤,0
저 탈옥수 아닌데요 저 의사에요 VR챗 상황극,0
오징어게임을 이렇게 완벽하게 재현할 줄이야 마인크래프트,1
유튜버로 성공하기 위해 가장 중요한 것은 무엇일까 설문놀이,0
대도LIVE 데이브 더 다이버 1일차 국산 게임 방송입니다 23 06 29,0
걸러야 할 남자 카톡 프사 2023 버전,1
대도LIVE 덕몽어스 3D 버전 드레드 헝거 게임 방송입니닷 23 03 11,0
해커들 진짜 미친거 아님,0
큰손이 개인방송에 10억을 후원하면 벌어지는 대참사 결말포함,1
정동하와 노가리 여섯 번째 노가리,1
최경주 프로님과 노가리 다섯 번째 노가리,1
Ep 106 자식없는 노부부의 비밀 자식을 낳지 못했지만 착하게 살며 오순도순 살아가던 부부에게 생긴 일 민담 전설 야담 노가리 사랑방,1
경규옹 침펄풍 유현주 프로님과 노가리 두 번째 노가리,1
혼자 노가리 네 번째 노가리,1
노가리 새참 005 청어 굽는 아내 반찬 투정하는 남편이 큰 마음 먹고 시장에서 청어 한 두름을 사와서 구워달라고 했다 야담 민담 노가리 사랑방,0
오딘 중립 미미르1 노가리 까봅시당ㅋ 컨텐츠환영,1
경규옹과 노가리 첫 번째 노가리,1
Ep 100 길에서 주운 돈 보자기 청지기 염서방 이야기 모든 것을 잃게 된 한 남자의 불행과 희망 100화 특집 후기영상 야사 야담 민담 노가리 사랑방,1
Ep 105 아내의 새 남자 내가 두 눈 뜨고 있는데 아내가 외간남자와 살림을 차리다니 야담 민담 괴담 노가리 사랑방,1
Ep 103 엉터리 지관과 찰거머리 상주 천하명당을 찾기 위한 상주와 지관들의 대소동 야담 민담 야사 노가리 사랑방,0
Ep 097 비 오는 날 여종과 눈 맞은 대감마님 심부름 가던 여종이 갑자기 사라졌다 소나기 오던 날 무슨 일이 추노 수옹 목내선 야사 야담 민담 노가리 사랑방,1
경규옹 유현주 프로님과 노가리 세 번째 노가리,1
Ep 099 엿장수 총각의 기막힌 거짓말 절대 질 수 없다고 생각한 내기에 빠져 딸까지 걸게 된 어느 부자의 이야기 야담 민담 노가리 사랑방,1
잠깐의 휴식시간에도 쉬지 않는 노가리 타임,0
Ep 102 오늘밤 가장 불쌍한 부부 남촌에 사는 어느 가난한 부부를 찾아온 불청객 현종 숙종 이서우 야사 야담 민담 노가리 사랑방,1
Ep 096 격 떨어지는 며느리를 내보내라 며느리를 내쫒아버리라는 시아버지 조선시대 권경희 야사 야담 민담 노가리 사랑방,1
Ep 101 남편 없이 낳은 세 아이 남편이 3년 동안 여행을 간 동안 아내가 아이 셋을 낳았다면 민담 야담 야사 전설 노가리 사랑방,1
Ep 092 사또와 이방 한탕 크게 해 먹기 위해 부임한 사또와 아전들이 벌이는 웃지 못 할 이야기 야담 민담 야사 노가리 사랑방,1
Ep 095 불쌍한 형의 결혼식 의지할 곳 없는 신세가 된 불쌍한 동네형을 어떻게 해야 하나 야담 민담 야사 옛날 이야기 노가리 사랑방,1
노가리 잠시 브레이크 타임,1
Ep 098 도깨비의 흥을 깨면 도깨비가 박서방을 싫어하는 이유 야담 민담 전설 노가리 사랑방,0
Ep 087 개가 키운 아이 고려시대 개 이야기 의로운 개 개와 함께 살아간 아이 고려사 야사 야담 민담 노가리 사랑방,1
Ep 085 말할 수 없는 비밀 아씨의 비밀을 듣게 된 방물장수 할머니 조선 고종 때 일어난 일 야담 민담 옛날 이야기 노가리 사랑방,1
정준호 MSG 과다 첨가 의혹 배종옥이 말하는 스키 신의 진실 노가리맛집,0
Ep 094 낯선 여인과 하룻밤 미륵당의 인연 조선 정조 때 이야기 야사 야담 민담 노가리 사랑방,1
Ep 086 여종에게 생긴 일 바위굴 안에서 맺은 하룻밤의 인연 출신을 초월한 아름다운 사람들 고청 서기 공암 야사 설화 민담 야담 노가리 사랑방,1
노가리맛집 작품 때문에 게이바 다니면서 쌓아온 조정석의 빨간 토크 노하우,1
Ep 091 쌍매화 두 명의 아내 오대과부집의 유복자 두 그루 매화나무 이야기 고려말 조선초 저생전 작가 쌍매당 이첨 야사 전설 민담 노가리 사랑방,1
노가리타임,0
Ep 089 허리 다친 도깨비 위기에 처한 선비와 도깨비의 보은 민담 야담 야사 전설 노가리 사랑방,1
노가리엔 역시 석삼이형 거짓말이지 그래서 형의 진심이 뭐야 런닝맨 RunningMan SBSenter,0
노가리 사랑방 20만 구독자 달성 감사 영상 축하공연 유튜브 채널 39 전설의 고냥 39 축전과 충격의 특별 이벤트,0
국밥에 대한 고찰 왁굳의 노가리,1
노가리맛집 교회 다니는 부처 박미선이 말하는 남편 이봉원 결혼은 내가 할게 누가 미칠래,0
Ep 090 외로운 노처녀 막금이의 꿈 외로운 처녀 막금이 스물 일곱 다부진 산골 처녀에게 어렵게 들어온 청혼 그러나 감감 무소식 야담 민담 노가리 사랑방,1
Ep 056 무심코 잠든 남편의 코를 봤더니 남편의 코에서 이상한 것이 나왔다 혼쥐 이야기 설화 민담 야담 기담 옛날 이야기 노가리 사랑방,1
Ep 093 다락방의 소녀 오빠 생각 다락방에서 책을 읽는 소녀 그 아이가 기다리는 사람은 최순애 이원수 오빠생각 고향의 봄 야사 민담 동화 노가리 사랑방,1
일초를안쉼,1
신규 노가리 컨텐츠 늪지대 스튜디오,0
Ep 070 아내에게 말하면 안되는 남편의 비밀 절대 해서는 안되는 말 민담 야담 전설 옛날이야기 노가리 사랑방,1
Ep 082 결혼 했는데 남편이 이상해요 마마보이 옹생원과 소박 맞은 신부 그리고 듬직한 사위 만암 이상진 야사 야담 민담 노가리 사랑방,1
Ep 044 분을 파는 할머니 조선조 숙종 시절 분 팔고 다니던 할미의 이야기 사랑과 이별 그리고 남겨진 인생 민담 야사 야담 옛날 이야기 노가리 사랑방,1
노가리 맛집 지칠 때까지 떠들어보자 양띵크루의 TMI 1,0
Ep 059 사상 최악의 대홍수 을축년 대홍수 1925년의 기적 나무에 매달린 708명의 사람들 강남 물난리 송파나루 청호스님의 거룩한 선행 미담 실화 노가리 사랑방,1
2023 07 13 노가리 w 감블러 김뿡 코렛트 김뚜띠 다시보기,0
2023 신년특집 알고 보면 무서운 흑토끼 계묘년 흑토끼해를 맞아 특집극을 올립니다 야담 민담 전설 우화 노가리 사랑방,0
Ep 026 별에서 온 머슴 A Servant from the Star 가난한 노부부에게 찾아온 머슴 총각 Korean Old story 민담 미담 노가리 사랑방,1
2023 02 10 저스트채팅 탬탬버린 다시보기,0
2022 07 13 저스트채팅 탬탬버린 다시보기,0
2021 01 17 저스트채팅 탬탬버린 다시보기,0
2022 11 20 저스트채팅 탬탬버린 다시보기,0
2023 02 04 저스트채팅 탬탬버린 다시보기,0
2022 05 30 저스트채팅 탬탬버린 다시보기,0
2023 05 12 저스트채팅 탬탬버린 다시보기,0
2022 08 31 저스트채팅 탬탬버린 다시보기,0
이춘향 너만 보면 웃음이 나와 l저스트채팅l,0
2022 12 19 저스트채팅 Just Chatting,0
2021 12 18 저스트채팅 탬탬버린 다시보기,0
2023 07 23 저스트채팅 Just Chatting,0
2022 09 17 저스트채팅 탬탬버린 다시보기,0
2023 8 21 저스트 채팅,0
2023 04 11 저스트채팅 탬탬버린 다시보기,0
시청자와 평생 소통하고 싶은 무료 브금 Free BGM Just Chatting 영원히 저작권 없는 음악 1시간 No Copytight Music,1
2023 03 25 저스트채팅 디스코드 대화 w 김뚜띠 나나양 이춘향 탬탬버린 다시보기,0
2023 01 29 저스트채팅 탬탬버린 다시보기,0
유튜버 스트리머 BJ 방송을 하는 방법과 시청자 수 늘리는 방법 하꼬,1
2023 08 09 저스트채팅 롤토체스 Just Chatting,0
2020 06 27 저스트채팅 음식 이야기 탬탬버린 다시보기,1
2023 07 31 저스트채팅 Just Chatting,0
시청자와 평생 소통하고 싶은 무료 브금 Free BGM Just Chatting 영원히 저작권 없는 음악 1시간 No Copytight Music,1
2022 10 28 저스트채팅 탬탬버린 다시보기,0
2022 08 09 저스트채팅 탬탬버린 다시보기,0
저스트 채팅 방송 7주년 기념으로 우는 녹두로,1
2023 08 01 저스트채팅 Just Chatting,0
2023 08 21 저스트채팅 Just Chatting,0
2023년 06월 22일 배틀그라운드 저스트 채팅,0
2023 01 15 저스트채팅 탬탬버린 다시보기,0
2023 07 24 저스트채팅 Just Chatting,0
트위치 방송 저스트 채팅 2023년 8월 19일 토요일,0
2021 04 04 저스트채팅 탬탬버린 다시보기,0
230627 저스트채팅,0
2023 04 05 저스트 채팅,0
2022 08 19 저스트채팅 러스트 3 탬탬버린 다시보기,0
2023 08 01 저스트 채팅 새로운 친구가 생겼어요,0
23 06 17 게릴라 저스트 채팅,0
2023 08 21 저스트 채팅인거야,0
8월17일 저스트채팅 방송 휘준이,0
2023 06 22 저스트채팅 Just Chatting,0
2023 02 15 저스트채팅 마리오 파티 슈퍼스타즈 w 김뚜띠 김진우 이춘향 탬탬버린 다시보기,0
썰풀기 저스트채팅 Just Chatting 20230805,0
2023 07 14 저스트채팅 Just Chatting,0
2021 01 26 저스트채팅 탬탬버린 다시보기,1
저스트 채팅 2023 03 22 w 이춘향 코렛트 임나은 다시보기,0
2023 05 26 저스트 채팅,0
트위치 방송 저스트 채팅 Just Chatting 2023년 4월 8일,1
2023 06 12 스케쥴 짜기 저스트채팅,0
