Titles,VideoIDs,ChannelIDs,Views,Subs_count
김뿡,0qfXPIBFyHA,UCK3k-JljWSFBYCPCtvrhbvg,929,109000
꼽줘버린 [김뿡],R709HNxj1Jc,UCK3k-JljWSFBYCPCtvrhbvg,20666,109000
분명 지누형 생일기념 탈출맵이라고 했는데... [김뿡],c0qQJNZZ2Ns,UCK3k-JljWSFBYCPCtvrhbvg,60238,109000
[ 2023. 08. 25 아웃라스트 트라이얼 w. 지누 코렛트 탬탬버린 ],Gu2jUQy8zf0,UCa4GCwCq8MFAVz7IcHGE3ug,3203,9070
같은 파티원 유니온 상태 크아아아악!!!!! [김뿡],DkRSLsZ6p_Y,UCK3k-JljWSFBYCPCtvrhbvg,89400,109000
여자어 못 알아먹는 김뿡,75jJOwf0L9U,UC7DOU0Svi8jyEWBUH0nnD4g,1772,2530
혀ㅕ...혀...형.....!!!! [김뿡],DTRH51Z3O7E,UCK3k-JljWSFBYCPCtvrhbvg,67926,109000
김뿡 쳇바퀴,0qfXPIBFyHA,UCa4GCwCq8MFAVz7IcHGE3ug,929,9070
【 23.08.24 이터널리턴(w 김뿡 실프)】 - 스나랑 다시보기,bU7X9CdYmdQ,UCfPC-CKqhZxIS5zdQxmln3Q,185,14400
그럼 화면을 돌려 [김뿡],KZ6f06EiQY8,UCK3k-JljWSFBYCPCtvrhbvg,52178,109000
일본어를 애니로만 배웠을 때 생기는 일 ㅋㅋㅋㅋㅋ [김뿡],3cFHum3poAA,UCK3k-JljWSFBYCPCtvrhbvg,123725,109000
아이돌에게 이름을 다 빼앗긴 김씨 [김뿡],IwRug-zQ7co,UCK3k-JljWSFBYCPCtvrhbvg,96922,109000
우우 이춘향은 사과해라 [김뿡],QJqLloa8yyw,UCK3k-JljWSFBYCPCtvrhbvg,113034,109000
한 번 들으면 빠져나올 수 없는 노래 [김뿡],bsMXJB5syO8,UCK3k-JljWSFBYCPCtvrhbvg,85495,109000
김뿡X모양 (feat. 뢴트게늄) 크림소다와 샹들리에 KOREAN COVER,RzZYur8mbgI,UCK3k-JljWSFBYCPCtvrhbvg,68093,109000
같은 팀이 될 수 있다면 발이라도 핥겠습니다요 !!!!  [김뿡 주간 하이라이트 8월 1주차],CZjhmuWP0-Q,UCK3k-JljWSFBYCPCtvrhbvg,74271,109000
애교를 보여줘 [김뿡],JvCrN-EpS40,UCK3k-JljWSFBYCPCtvrhbvg,93680,109000
그허는 내가 버흔게 아이쟈냐 [김뿡 하이라이트 23년 6월 ],6h_-BzCcdrQ,UCK3k-JljWSFBYCPCtvrhbvg,67789,109000
생명의 위협 [김뿡],rRQDQv-BY_g,UCK3k-JljWSFBYCPCtvrhbvg,181017,109000
[ 2023. 08. 10 레프트 w. 나나양 램램 이춘향 김자칼 ],joWsvDIZ_Po,UCa4GCwCq8MFAVz7IcHGE3ug,9572,9070
알파메일 김진우 [김뿡],FEbZUq8UIbE,UCK3k-JljWSFBYCPCtvrhbvg,98743,109000
아 저군요 어머니 [김뿡],_-cIdhtscSo,UCK3k-JljWSFBYCPCtvrhbvg,151014,109000
상황극 도합 40년 [김뿡],cxVYDNXxEYY,UCK3k-JljWSFBYCPCtvrhbvg,43651,109000
[ 2023. 08. 07 발로란트 내전 + 노가리 w. 김뚜띠 조디악 지누 삼식 눈꽃 임나은 이춘향 탬탬버린 아구이뽀 ],0FbDQVX6c6g,UCa4GCwCq8MFAVz7IcHGE3ug,9167,9070
너 T발 C야? [김뿡],TtZypQBJESA,UCK3k-JljWSFBYCPCtvrhbvg,29628,109000
아이돌 지망생 [김뿡 주간 하이라이트 23년 3월],dbcY7Mp0udM,UCK3k-JljWSFBYCPCtvrhbvg,91942,109000
[ 2023. 08. 15 발더스 게이트3 w. 고차비 램램 악녀 ],a3pey-xmnD4,UCa4GCwCq8MFAVz7IcHGE3ug,10606,9070
나만 가지고 있는 불법음원 [김뿡 주간 하이라이트 23년 5월 4주차],9WI7eD-16eM,UCK3k-JljWSFBYCPCtvrhbvg,84108,109000
[ 2023. 08. 16 리그오브레전드 w. 감블러 실프 헤징 설백 ],eM_rbRU8lHk,UCa4GCwCq8MFAVz7IcHGE3ug,2832,9070
츄 손자라서 미안해 (악어의 놀이터 1편) [김뿡],gsJ5ck0Zbt0,UCK3k-JljWSFBYCPCtvrhbvg,121457,109000
[ 2023. 08. 02 마크 지누 생일맵 + 온리업 멀티 w. 지누 램램 ],5w8Vyo8PrS4,UCa4GCwCq8MFAVz7IcHGE3ug,15728,9070
호날두 세레머니에 미쳐버린 녀석들 [김뿡],9bjteD8-L60,UCK3k-JljWSFBYCPCtvrhbvg,91626,109000
[ 2023. 06. 30 메이플스토리 보스 트라이 w. 피닉스박 지누 끠끼 탬탬버린 ],s063X9MVB7o,UCa4GCwCq8MFAVz7IcHGE3ug,11613,9070
미친 토크수위 [김뿡],9vXgJFT9HhQ,UCK3k-JljWSFBYCPCtvrhbvg,176424,109000
[ 2023. 08. 16 발로란트 w. 강지 감블러 실프 피닉스박 ],uRPufPa6cx4,UCa4GCwCq8MFAVz7IcHGE3ug,4262,9070
[ 2023. 08. 18 이터널리턴 w. 이춘향 탬탬버린 ],tPgb01V90uE,UCa4GCwCq8MFAVz7IcHGE3ug,5386,9070
제발 졸리지 마 [김뿡 주간 하이라이트 8월 2주차],BTW2GtzEurI,UCK3k-JljWSFBYCPCtvrhbvg,189040,109000
인내심의 한계 새로운 혐오 [김뿡 주간 하이라이트 23년 5월 2주차],CwdSVlkGi08,UCK3k-JljWSFBYCPCtvrhbvg,67618,109000
탬탬버린 마왕루야랑 수영장 데이트....라고 써져있는데요? [김뿡],SHs9QMFB9Oc,UCK3k-JljWSFBYCPCtvrhbvg,68335,109000
그동안 감사했습니다. [김뿡 주간 하이라이트 23년 4월 3주차],DWMxoXH2F2s,UCK3k-JljWSFBYCPCtvrhbvg,84462,109000
충격적인 버츄얼 빨간약 [김뿡 주간 하이라이트 23년 4월 1주차],SsdPgmDJDwY,UCK3k-JljWSFBYCPCtvrhbvg,76600,109000
10년지기 램램티비 친구들이랑 무인도 여행 [김뿡],hrvHiaMPd-4,UCK3k-JljWSFBYCPCtvrhbvg,54445,109000
살짝만.. 앙 [김뿡],WMFOo5iSAvE,UCK3k-JljWSFBYCPCtvrhbvg,56773,109000
[ 2023. 07. 22 사이퍼즈 자낳대 경매 + 연습 w. 행수 헤징 꽃핀 라마 김유승 ],nMCve2eCgGo,UCa4GCwCq8MFAVz7IcHGE3ug,11774,9070
우승 경력 없는 사람이 둘이나 있는 팀 [김뿡],geHxTGhVMCs,UCK3k-JljWSFBYCPCtvrhbvg,107934,109000
[ 2023. 06. 20 발낮대 관전 중계 + 플레임 제트 연습 ],pS3Ii4Q-a5c,UCa4GCwCq8MFAVz7IcHGE3ug,7164,9070
탬개구리야 나 못 참겠어 [김뿡],QpcNiDDiDBg,UCK3k-JljWSFBYCPCtvrhbvg,135404,109000
춘향님~ [김뿡],hcxGh_8DkXI,UCK3k-JljWSFBYCPCtvrhbvg,182011,109000
설백공주 헤징왕자 못난이 둘 [김뿡],ogFTjFvlf34,UCK3k-JljWSFBYCPCtvrhbvg,93393,109000
한 번 말하면 멈출 수 없는 단어 [김뿡],8nJJnaclZGw,UCK3k-JljWSFBYCPCtvrhbvg,63544,109000
픽셀,0qfXPIBFyHA,UCiMq04sS1ijeM0tda9OkuQw,929,105000
"어제의 칩셋, 오늘의 폰. 픽셀 7a 리뷰",P5IntkUJ91g,UC_0oo0GPlDUU88ubLDnJkSQ,120965,735000
픽셀은 도대체 어떤 곳일까?,Cq7t2kFt1sA,UCNYV6yOqwfY863iKiGVjGGQ,68235,22800
제작비를 무려 1800억이나 쏟아부은 참신한 소재의 개꿀잼영화ㅋㅋㅋㅋ,bV1nvNLJYBU,UCbf5QEwRTGts98TNv2Uc_5Q,523228,80600
ㅎ▽ㅎ,b_oixeN9600,UCiMq04sS1ijeM0tda9OkuQw,296544,105000
구글은 이게 싸다고 생각하나봐요;; 픽셀 7a 개봉기,W9O_EyprBh4,UC_0oo0GPlDUU88ubLDnJkSQ,143165,735000
살면서 대놓고 사기치는게임은 처음봤습니다  [픽셀히어로 뽑기 확률 조작],wiLtcWXr18s,UCQOL6_MBCFXr3M9OTmwl9pg,469306,251000
"SNS 광고, 경쟁사는 다 하고있는 픽셀 설치부터 실제 사용법까지 알려드립니다!",U6DCZCIqJo0,UCCZEqe3-h1IKKsMLNIZmJ1A,5302,36400
"마케팅쉐어_#인스타광고 필수 설치! #페북픽셀 , #인스타픽셀 정의와 활용예시 강의",zepu6F2PWFk,UCzIfP9UoIjy_82-325yIzIg,5868,4950
픽셀식 기강 잡기,Q9E98-x0_D8,UCNKam43W5s-LfRMKcd9Jg5Q,66878,134000
구글의 야심찬 첫 폴더블? 픽셀 폴드 처음 만져본 소감,pfg6NVUp4ao,UCdUcjkyZtf-1WJyPPiETF1g,697634,2400000
PLAVE (플레이브) &#39;Pixel world&#39; | Official Lyric Video,I2qgmAh1em0,UCPZIPuQPrfrUG9Xe_okEmQA,1431714,408000
"페이스북 광고, 페이스북 픽셀설치 가이드, 설치부터 확인방법까지! 이렇게만 따라하세요.",v0h7oBVYiwQ,UCCZEqe3-h1IKKsMLNIZmJ1A,9817,36400
[픽셀] 메인 예고편,HuA0SChqiBg,UCY2wHBgv2W30w6lqoLxq99g,90280,61300
ROGER ET LA BELLE MERE #atelierdupixel,z7Aezw8B2ZU,UCEk_D7JuEn1QZjki79-GQ_g,8971,313000
Chandler From MrBeast Plays Our Roblox Game,pF9l2qgBygg,UChHeFuhIjV4nauIr4_xgo5w,21398,985000
구글에서 나온 첫 번째 폴더블 폰. 픽셀 폴드 살까 말까? 정해주세요 여러분,K5HtManI3CU,UCdUcjkyZtf-1WJyPPiETF1g,659129,2400000
픽셀(Pixel)ㅣ보드게임 하는 방법 쉬운 설명,sin9nj3WO7k,UCv7smb-gccyM57N-CJNV6tA,2388,3150
[코렛트] 픽셀사장님과의 첫만남... (w 지누),jxTJc2cfdLg,UCvmHDocKuL6MVx1qRgqLV9g,224112,170000
안드탭 기강 잡으러 왔다. 구글 픽셀 태블릿 개봉기,qs_GV8Aqf2s,UC_0oo0GPlDUU88ubLDnJkSQ,237754,735000
구글 픽셀 7 프로 첫인상,5sqhnTk16R0,UCYAvG7-sBBztgDtwKil1RTQ,110096,602000
드디어 감 잡음!!! 구글 픽셀 6 프로 리뷰 [4K],cp03Ji07HhE,UC_0oo0GPlDUU88ubLDnJkSQ,301502,735000
"[와글와글] 픽셀 디자인, &quot;정형화된 틀 깬 미래지향적&quot; (2023.04.25/뉴스투데이/MBC)",Sgs3Sz0DPm8,UCF4Wxdo3inmxP-Y59wXDsFw,17980,3670000
픽셀 막내 정강지,jgNdizbuNLk,UCIVFv8AiQLqM9oLHTixrNYw,307927,631000
픽셀 막내가 되었습니다!,rMLUeaiIBjo,UCbCQDFbLpkurWc4_0R5-pEA,182713,218000
"픽셀건 한국랭킹 1위 길드마스터, 각어 장인초대석 [테스터훈]",cxjTfbHrCxI,UCUbOogiD-4PKDqaJfSOTC0g,536571,1280000
LG의 빈집 털이를 노리는🕵️구글 픽셀 6 프로 개봉기 [4K],PUi_CXIHY2U,UC_0oo0GPlDUU88ubLDnJkSQ,289038,735000
【픽셀】 디지몬 어드벤쳐 ✦Butterfly✦ 「Korean Cover」,g7pN2b8Ju6I,UC-jHB5e-6LF-yz0kMCTZWdg,5570877,258000
그 돈은 이제 픽셀 것이다. [김뿡],M9fl_3tSb2Q,UCK3k-JljWSFBYCPCtvrhbvg,161617,109000
LE MANOIR EST HANTE ? #atelierdupixel,OkdL_g06lSo,UCEk_D7JuEn1QZjki79-GQ_g,19754,313000
건축하랬더니 웹 게임을 만들어왔다. [ 픽셀 타운 4화 ],suEl9KNpk_s,UCweizAaKFQrSEYnleVOZqTA,62809,126000
"(실물 리뷰) 갤럭시 Z 폴드 게 섰..섰거라! 구글의 첫 폴더블 폰, 이건 좀 부럽네..? l 픽셀 폴드 Pixel Fold",TFz1NkTegno,UCFX6adXoyQKxft933NB3rmA,60063,671000
픽셀모임에서 패드립 켠왕하는 사람 [김뿡],06mpDQ4_22I,UCK3k-JljWSFBYCPCtvrhbvg,100379,109000
"마케팅쉐어_#인스타광고, 리타게팅 하기전 #픽셀 타깃세팅 하는법",bPZg_kD16B0,UCzIfP9UoIjy_82-325yIzIg,3585,4950
픽셀6 살까말까? 참신한 3분정리.,JOyNh_Db6HA,UCNjdEsQSWDgNcvYueavebFQ,38358,124000
아이패드로 픽셀아트 시작하기(무료 브러시+튜토리얼 파일 공유),wUihNZWN6UQ,UCBzWEz8sKgH955wUW-yJaKQ,5181,48600
&quot;픽셀&quot; 사장님과 첫 만남에 쌍코피 터진 썰... 【 소속사 이적 공지 】,giUDvH4yzZ0,UCJzfS-WmieHog0H2OQoXkeQ,189064,261000
Comprando los Juguetes Exclusivos de Target 😱🔥 | El Tio pixel,L7qMs2FiObA,UCGkqVwEXHw5tmtfVcFat7dw,7505,211000
[픽셀히어로 확률조작사태] 왜 알고도 어쩔 수가 없는가,TRYXPh1CD8g,UCZ0bi2aVJngKLwFTU5g_fLQ,327717,817000
페이스북 픽셀 설치! 정상 설치 확인이랑 테스트까지 하셔야 됩니다!,6Qx0GXpyerk,UCCZEqe3-h1IKKsMLNIZmJ1A,2878,36400
픽셀 타운 3화,6CS6eY4ecDQ,UCweizAaKFQrSEYnleVOZqTA,76893,126000
픽셀 막내가 사장을 패는 방법 - 【 2023년 2월 하이라이트 】,dIULsZQ1zv8,UCJzfS-WmieHog0H2OQoXkeQ,59574,261000
"쌍둥이 이벤트 30만원 현질로 초대박 내버렸다.. 빛,암 S+티어가 나오네;; | 픽셀히어로 2편",aFns6Bxgwu8,UCwY9z7H8Y_1s1N0ax_rR-xA,4651,26700
"제작비 1,100억! 외계에서 온 비디오 게임 캐릭터가 인간들을 공격한다?  팩맨 실사화 [결말포함/영화리뷰]",KZbP1ervMYA,UCU4K0FMFPg9w5VLWxUODHjA,46734,37700
허위광고와 확률조작까지.. 말장난이 너무 심한 &#39;픽셀히어로&#39;,0rEA4-k5N_w,UCcvKf8NxAw9i09hZw1MQPBQ,104395,274000
픽셀 롤 내전,11WQeo6oSRA,UCWOPxkftlmCstC5drb9VM_A,272617,169000
UNBOXING Hawkeye Marvel Legends 60th Avengers 😱🔥 | El Tio pixel,HqIKQZDT7jU,UCGkqVwEXHw5tmtfVcFat7dw,5598,211000
한국인들만 7년째 모르는 구글 스마트폰,BkvV4-al0QM,UCJswSyP8FrKFAukRPbJ950A,2223101,287000
[야너보]픽셀_보드게임_좌표전략보드게임_Devall,QRNNYIs2e4k,UCqB6R_zgnueSJiczocTk67w,4539,6070
"[파이널 판타지] 픽셀 리마스터 1~6 전체 플레이 후기, 감상평",AFfhGpfb9Yk,UCGsIXGE_SgAPyTW0aULBrUA,12597,2740
"트위치 현재 사태 정리 ( 침착맨, MrBeast 등 )",Htx2onsAbaY,UClyThsEAiGbNeDFH5mAyumw,265326,681000
"지금 트위치 큰일난 이유, 1분만에 알려드림",1vwgjoS0Kvs,UCFoosrYcl0_2ycHkCrfn1Sw,91343,202000
미친 딜뽕맛을 느낄 수 있는 통계상 1티어 &quot;구인수 트위치&quot;,2DDPsxFTk40,UCVZI7eLie2UlZph6aiBRNrw,157196,532000
ASMR Workt 웍트 유튜브 트위치 캠방송!,79eO6mB4Rhs,UCZ0A6xt3nRmLVq2qHs4r9Zw,2060,144000
"라인전에서만 10킬? ㅋㅋㅋ 트위치 장인, 찍찍이쌤 장인초대석 [테스터훈]",6nwysWmRpIU,UCUbOogiD-4PKDqaJfSOTC0g,191917,1280000
트위치 방송은 이제 어떻게 되는걸까요...ㄷㄷ,OgkBOM0IUbo,UCta_NRwnsUaew0t3VNxBNyg,120640,1610000
티켓팅 도전!!!!!!!!!! | 트위치 클립 일일 하이라이트 | 클립라이트,Q4-1D0-LNR0,UCBQ_wV4Xw3_woG5uOCTuuaw,31577,72700
설레는(?) 얼굴 차이 | 트위치 클립 일일 하이라이트 | 클립라이트,NowdP2DAV-U,UCBQ_wV4Xw3_woG5uOCTuuaw,7968,72700
검은사막[BDO][JINGGA]2023.08.23(수) 징가 트위치 다시보기#124,MFpbUUnleqE,UCjSH4UAVJeuCuzqVz39UM7w,340,18300
페리도트 그린 팝니다~ | 트위치 클립 일일 하이라이트 | 클립라이트,kAQoNJ7azgI,UCBQ_wV4Xw3_woG5uOCTuuaw,47116,72700
트위치 장인 출신입니다,Ed3FdlmH-YA,UCJpAwvQaZyCI5spAz7tipGA,1338816,691000
1년 만에 아프리카로 복귀한 트위치 스트리머,Nmch82NVcfE,UCW945UjEs6Jm3rVNvPEALdg,592436,572000
"트위치 동시송출 제한, 대체제는 없나?",HhRH2XcEAtI,UCPqP8-18_tTGky0v990D0VQ,7596,16100
분당 1킬 하고 욕 쳐먹는 법ㅋㅋㅋ9명 전부 날 싫어함ㅋㅋㅋㅋ 【서폿 트위치】,JEcmJgbMsOM,UCl4nBkmJCDs6RR8uWldAqLA,192278,1020000
챌린저 장인 트위치 매드무비 - High Elo Ratirl Twitch Montage | 서리달 롤,sPX7Rm8FWaY,UC_WnaJdTRoZSj9edV_1i9vA,1917,1680
단 한판에 70킬 관여해버림ㅋㅋㅋ한타 참여율 100% 레전드ㅋㅋㅋㅋ【탑 트위치】,l6tLrqAjgSE,UCl4nBkmJCDs6RR8uWldAqLA,146397,1020000
트위치 VOD 중단.. 방송에 또 제약이 생겼습니다,HwwO_qegdQU,UCom6YhUY62jM52nIMjf5_dw,714810,2070000
라인전을 보완하고 더욱 강해진 &quot;칼날비 트위치&quot;,BLu1mfjDJLk,UCVZI7eLie2UlZph6aiBRNrw,112682,532000
&quot;서폿 트위치 완벽한 운영법 찾았습니다&quot; 단연코 가장 완벽한 트위치 동선 최초공개! [서폿 강의][트위치 강의],NnIYJCTmq8Y,UC8x8GQmlxAIhHxzU61z0uLQ,14527,36800
트위치 동시송출 금지 논란,FdQ1A0OcIe4,UCKIsapfgAzRJYpnX6e56LLw,30013,78400
슈카월드 트위치 정지 실시간반응 자막O,T2gQYmldi3s,UColS81OyxwHmZs95IftgjFA,287490,6440
"트위치 10년동안 플레이, 라인전 단계부터 박살내는 초고수! 쥐린내 장인초대석 [테스터훈]",9dbkdP5H3Oc,UCUbOogiD-4PKDqaJfSOTC0g,380250,1280000
한방에 터트리는 AP에 스태틱을 더한 뉴 템트리로 극찬 받는 탑트위치!! 터트리는 맛이 좋습니다 [종탁이],P34RwzM1Hvg,UC7uyuLAA9z8GKxnSkb9KRtw,28797,86500
&quot;결국 등장한 스태틱 원딜 트위치&quot; 구마유시 | 롤 하이라이트 LCK T1,wJekcRjFNRY,UCZE0CrbZaXylHJ36l_kXgSw,7834,2530
실수로 방송 끄는 것을 깜빡한 유튜버에게 벌어진 일,MMRD7e9YpJw,UCsU3fr78Lyzjp2RGLoQIdbw,1425792,853000
"트위치 대체 플랫폼, 1분만에 알려드림",iAq3J4StXuw,UCFoosrYcl0_2ycHkCrfn1Sw,59628,202000
브실골 승리 치트키는 트위치정글입니다,hqWQtKwN-L4,UCQNu12i3pCgD4uNPh4AaGVA,17376,63500
세계최고미드가 만들어낸 괴물.. 쇼메이커 트위치 [테스터훈 뉴메타],VjT4lwpIeH4,UCBPw0tJo3JbShn0yIDwBIzA,89058,60000
서폿 트위치가 계속 탑에와요.. 마스터구간 미친트위치ㄷㄷ [롤 스간],Aqo2tp1wNFE,UCK1B7KLih3kE1Iy0SCBDzkQ,57092,248000
슈카 트위치 정지 반응,TySeXsJ4Q2I,UC9wwmrA2DXH1YNiU0dT2nHw,43548,251
알아도 절대 못 막습니다ㅋㅋㅋ분당 1킬 싸패 운영법ㅋㅋㅋㅋ【탑 트위치】,iE3z68BJSFI,UCl4nBkmJCDs6RR8uWldAqLA,130182,1020000
와일드리프트 트위치 가이드【챔피언 분석 및 정리】,8WjOTn8oqzA,UCKEGv9-eyTQ9QKDCeVw4Nqw,27396,24400
탑 트위치로 마스터 갔습니다.,HKDZY2Upc_8,UCl4nBkmJCDs6RR8uWldAqLA,166766,1020000
당할수밖에없는 탑 트위치 운영법,OPQe9fURH4s,UCkdxI3A29MN0jvyv7-iS4bA,68570,180000
아프리카 트위치 시청자는 과연 다른가???,Nd1dUPC1yFc,UC7uKMg7lPdCp4Nm1tLesihQ,48899,797000
트위치 주먹왕 ㄷㄷ,kN0t_-RowCg,UCDBvugWtRfSaUNMmORymq7Q,16861950,552000
모두가 놀란 의문의 트위치 장인의 템트리 (본인 아님ㅎ),yW2c-Os4FsU,UCDBAVzfX3yZ1hah0FHnOoaA,2295155,1080000
무시무시한 트위치 생방송 괴담ㄷㄷㄷㄷㄷㄷ,Q0H68GCd52U,UCta_NRwnsUaew0t3VNxBNyg,176736,1610000
[땅우양] 생긴게 맘에들지않아.. 버림받은 이 원딜... 티어올리기 좋으니 해주세요..【원딜 강의】【전프로원딜】【챌린저 원딜】【트위치 강의】,N-tu4fSVIjI,UC9vI-9WYQLXKI6n9XdXXo3g,68441,285000
트위치 원딜 템트리 룬 몰왕 치속 -  Twitch Adc - 롤 KR 천상계 패치 13.14,pTgeglZ9Jg8,UCtLV_xA5vD7ep-hL2MkKDag,829,22300
[롤] 현 메타 이기기 제일 쉬운 방법. 주도검 탑 트위치,bMXHEuIwrHA,UCMXqHTSeI_VxErzZ7VdTgGw,28063,40100
[땅우양] 현재 버프 먹고 1티어된 징크스 역대급 카운터 공개합니다! 선픽 징크스 만나면 무조건 하세요! 【원딜 강의】【전프로원딜】【챌린저 원딜】【트위치 강의】,PhnKuZT8iiw,UC9vI-9WYQLXKI6n9XdXXo3g,78166,285000
트위치 최고 시청자 순위 4월,ZYzFv_G7mNE,UCzmglddkQr4ff1p1P_NXb2Q,40404,11300
트위치 버튜버 대형 방송사고 ㄷㄷ;;; #shorts,UXAcgetU6dE,UCLoGhS_8p-G_pzrkfgMi9NA,2105108,239000
팟지 미션워치 진행중 | 10시부터 트위치 밤식이랑 합방 | 김꼬비 오버워치2 생방송,lp-8W1AoVK4,UCE8JC9RAVSudDT_8Ji1fuPQ,486,7560
트위치 서폿... 이거 LCK에서 볼 수 있는건가...? [Keria Stream Highlight],ri2298l0l9s,UCYDg0_mq6Ik8V2nF72mfDPw,328174,204000
트위치 최고시청자 순위 변화 (2016~2023),7_X7dGWO63M,UCzmglddkQr4ff1p1P_NXb2Q,40271,11300
F 특징 | 트위치 클립 일일 하이라이트 | 클립라이트,zLYUbd2bZ-M,UCBQ_wV4Xw3_woG5uOCTuuaw,61613,72700
【땅우양】멸망전 하는데 상대방 원딜이 브론즈다? 바로 트위치로 양학가즈아~【원딜 강의】【전프로원딜】【챌린저 원딜】【트위치】,mDuudbc1R6c,UCg_h1um9ULox_sZ_OsIK9vA,10760,13700
트위치를 해킹한 세구님,TgkD2PoLl90,UC8dEJs2kpS5x2vI1X7aaUhA,32864,73200
한국 유튜버들 반성해야 됩니다... [영화 스트리머 리뷰],XViFwSToBUw,UCNbUh4ETUOSNq0HMMVjhieQ,179000,222000
트위치 스트리머 막말 논란,x5u3uYdgU8E,UCO78BQwAIG-pEfhgJEt-VRQ,11613,455000
"영화 [스트리머] 메인 예고편: 이푸름, 권민혁, 김모범, 김준형, 심소영: 2023.05: 공포 미스터리",jUXbxRYQMUM,UClMvHEsofl3uE0sFajsKKVA,22419,17200
여성 스트리머 모임에 떨궈진 40대 아저씨.. [온리 클라임 합방],Owgy-8EwI2Q,UC2_VPutZK0o_tG8ca_QrQRA,42407,140000
🩵 [SONG] NIGHT DANCER #트위치 #버츄얼스트리머 #버튜버 #겜블러 #치은 #shorts,Ztd0o59dAyE,UC9FvShbjCmO8DMKrhUIrShQ,10,2
#유일무이생활인생스트리머,SeybbqtUDl8,UC8VBL9dVLPm2ftDlTrkIepw,48,390
🩷 [SONG] 처음엔 사랑이란게 #트위치 #버츄얼스트리머 #버튜버 #겜블러 #히야 #shorts,Pyz-hazfMNE,UC9FvShbjCmO8DMKrhUIrShQ,25,2
1년 만에 아프리카로 복귀한 트위치 스트리머,Nmch82NVcfE,UCW945UjEs6Jm3rVNvPEALdg,592436,572000
우마무스메 2기 2화 스트리머 반응 모음,xGQmBcUk_e0,UCebD7TjJgV78APeyYyqkPLw,268,1040
티키타카 너무 잘 맞길래 물어보니 유명 스트리머였음 헙!?,RNGtdICs-Zo,UCj7wKA4vwdzMP35lO5CCwgQ,212183,63700
말 잘못 했다가 나락대신 황천길 가는 스트리머,ERU8o5QQM84,UCO78BQwAIG-pEfhgJEt-VRQ,146708,455000
스트리머 빛베리 심각...,5sGsdphXxFI,UCKIsapfgAzRJYpnX6e56LLw,46650,78400
통신사 더비 KT vs. T1 중요장면 BJ &amp; 스트리머 반응 모음 | 2023 LCK 서머 플옵 2라운드,_zPw83nW-Rw,UCN_NQvieqUqfq1gIQF1jzeA,91123,1740
스트리머왕코 BJ왕코 리니지M 케릭정리X 무릅위치에서 다시 어깨라인으로 올라가겠습니다!!실속형 라인생활!!,A3ukKaiEMlY,UCUGSAoIgUZSAg0czT9FRrmQ,1454,2670
점점 미쳐가는 스트리머 키우기,_NgoRckzkAs,UCmMxEFwIOMGGoThkmtZZOvQ,301941,453000
하꼬 스트리머의 현실적인 조언,pj3x0q4TfTA,UCpL0PofFGMgA8jyPpGz_6PA,42324,8860
개인방송으로 성공하는 6가지 확실한 방법들,kT_K9iDcKYc,UCyHvSKT_bLDYpkv1JjjsLAg,146051,493000
"캐릭터 컨설팅, 바로템 시세 감정 #아키 #아키워 #타양1 #궁수 #단검",L1AVFyJ_VEo,UC_AyVYnfrBSzTZi5nte_1Bw,2087,3280
방송이 꺼진 뒤 만난 스트리머들 실제 모습,Vg2_IZB8MBU,UConOmISJY0oZHRhWGyvdQ2A,107754,509000
유리멘탈 여자친구를 최고의 여캠 스트리머로 만들자! [니디걸 오버도즈],n5-W3jwA9TQ,UC0z8bddfRBRBmEC-AjI6UXw,358576,492000
"여동생 삼고싶은 스트리머 1위 그녀, 10가지❗털어드림❗",ZmT4NSEAYAw,UCfrO3ZMC-rOThB-NSxfGjTQ,504301,16100
1630 고기 워로드 | 카멘 하드 같이 가실 스트리머 딜2 폿1 구해요,6GkSP0Tn4K8,UCAX9dqV00SwGxUEUK3fpVuA,18,8
"영화 [스트리머] 공포 영상: 이푸름, 권민혁, 김모범, 김준형, 심소영: 2023.05: 공포",x8Xy68qZSrU,UClMvHEsofl3uE0sFajsKKVA,4081,17200
방송켜진줄 모르고... 충격적인 스트리머의 실체  #Shorts,Fq9SJ_IGISQ,UCLoGhS_8p-G_pzrkfgMi9NA,6867485,239000
은퇴한 스트리머 주다사 TMI,IpoYbJYAsuw,UClDw90IzafX9g7u7MdMI4Ow,4808258,103000
&quot;매운맛&quot; 여고생 스트리머에게 매도 당했습니다...,Sn7MwjI9zwM,UC6XU0kbYKVdlyOQIGaMAwNA,40767,11400
내 번호가 없는 스트리머에게 연락했더니..ㅋㅋㅋㅋ,D30zM7GfyUk,UCbCQDFbLpkurWc4_0R5-pEA,69992,218000
실수로 방송 끄는 것을 깜빡한 유튜버에게 벌어진 일,MMRD7e9YpJw,UCsU3fr78Lyzjp2RGLoQIdbw,1425792,853000
스트리머 최초 1인칭 클리어 【온리업 하이라이트】,fp_z2HtnNtY,UCZ6IM7_T-bCmr_7DgAKjYxg,219421,222000
스트리머들과의 디펜스 더비 친선전! 과연 심리전 최강자는? | 철면수심,af_If-LQFm0,UCy-H-BPCHctNmUb80MeapvQ,1423,80900
요즘 스트리머 별명 상태가 ㅋㅋㅋㅋㅋ,D7QQyDAW4GA,UCJzfS-WmieHog0H2OQoXkeQ,55817,261000
팬을 케스팅 하는 버츄얼 스트리머,hRu-159EVBc,UC7IdRPIpYBiNUa-r3feKU_g,20251,110000
"시청자들의 선택, 잘생긴 스트리머의 속마음 공개",XYQfknzA9bk,UC1eIASyCXzaeOuBbGOubI9g,36586,172000
독일 잰미니 스트리머 도네이션 리액션 수준 ㅋㅋㅋㅋㅋㅋㅋ,eDL-Gl2XYRM,UCPMU3PoR_NRcCxu0X3Liiiw,1111815,223000
새벽에 만난 위험한 스트리머들🔞,ciSwwERAPtQ,UConOmISJY0oZHRhWGyvdQ2A,197730,509000
고멤들 스트리머 데뷔 시켰습니다.,CDmztG8BC-U,UCBkyj16n2snkRg1BAzpovXQ,1019422,1560000
8/24녹) 비트코인 사또 The last $3500 satto bitcoin Korea no.1,QvoiTa19gCM,UCnXe6v0-5vmMMRU2qx0XwUw,18678,293000
스트리머의 하루,9D4KGxWB-A4,UCJ4ETdbjB1MDhjwEZDtUlBQ,1937345,437000
게임 출연진 전원을 당황시킨 스트리머 《마크 미니어처 모드 21화》,FbOtjvfv2cA,UCP7X6tY7vr_Umy2VguBsflQ,105452,116000
"스트리머 최솜이♥쫀득, 그리고 폭로...",pu8HpHVshWM,UCKIsapfgAzRJYpnX6e56LLw,107483,78400
요즘 스트리머 사이에서 핫한 이슈를 다루는 채널,NWD_qdOiwwU,UCP_EKGb1RJm3x930ZjJmYFg,77454,31200
바하,0qfXPIBFyHA,UCEUSMOcASEX_Vwx0pu6cxWQ,929,5700
발로란트 최초 스트리머 &quot;핵유저&quot; 검거했습니다.ㅣ발로란트 김규태,grx53SQEzgc,UCz4b1O9sT73P8DWwx6OvQwg,230223,79100
"연다, 당신이 몰랐던 9가지 사실",r5aXLgdKKDs,UC9Mtqqw9-UGWxB5mh6Ar_2A,1088093,268000
스트리머왕코 BJ왕코 리니지M 자야 하는데 잠도 안오네요~~(민속놀이)스타 한판 떄리실분?리니지m유저만!!,mnevwCEmwQQ,UCUGSAoIgUZSAg0czT9FRrmQ,1194,2670
이 스트리머는 어디에 내놔도 부끄럽습니다,1z-3kLa1cPU,UCEcRvF_6IRSux8FO-ogFZug,25031,51900
술에 취한 척하는 버츄얼 스트리머,eQDzIs-Hv-Y,UClgYOnvfPW9Yyb47UheMIkQ,51914,63900
아이브 &#39;러브 다이브&#39;로 피아노 스트리머 암살시키기 #shorts,QbHvVF0LY9A,UC270kI9U2h7QaNMLWW6K0Sg,4140748,194000
[글로벌K] 밤마다 육교로 모이는 중국 라이브 스트리머들 ‘경쟁 고조’ / KBS  2023.03.01.,UxKeESyaOUY,UCcQTRi69dsVYHN3exePtZ1A,4748,2470000
스트리머왕코 BJ왕코 리니지M 케릭정리 안하기로 마음먹었습니다! 라인의 발목으로 시작해서 어꺠까지 천천히 올라가보겟습니다!!,N_ACwdnLR6M,UCUGSAoIgUZSAg0czT9FRrmQ,1918,2670
요즘 확 바뀌었다는 한국유튜버 최신 구독자 순위 TOP10,JyfHAVkEZW0,UCdgfjsA0QzdqdHtxF9-9R3w,403661,301000
잼버리 현장 찍은 유튜버에 &quot;너 감옥 가&quot; 협박…카메라 압수도｜D:이슈,5mADNViNx-4,UCsU-I-vHLiaMfV_ceaYz5rQ,16418,2960000
"100만 유튜버 랄랄, 한 달 수입 공개!?",GsYCN3bNfmM,UCnx4Fi4cmkLGDiFfZ311wWw,128286,2530000
추락 비행기서 뛰어내린 유튜버…&quot;조회수 올리려&quot; 자작극 자백 / 연합뉴스 (Yonhapnews),1SeJ_Er2vEc,UCj3_t5p4L4aFsvdW3uHjnnw,78849,864000
주작하다가 딱걸려서 떡락한 유튜버 part5,hBT1Sx9OvMU,UCkYhGLb4ki3Mk_Efv_DXMzg,388931,510000
녹록지 않은 현실…유튜브 떠나는 유튜버들  / SBS / 실시간 e뉴스,mHIbIFRbop4,UCkinYTS9IHqOEwR1Sze2JTw,1227368,3690000
결국 뺨 맞은 유튜버 결투 승낙한 이근…그가 내건 놀라운 조건 / 비머pick / 비디오머그,gV3RNyKprbU,UCMEbRpvuwTbXxGiyDb1mT8w,1533119,1320000
실수로 방송 끄는 것을 깜빡한 유튜버에게 벌어진 일,MMRD7e9YpJw,UCsU3fr78Lyzjp2RGLoQIdbw,1425792,853000
"[궁금한 이야기 Y] 유튜버, 당신이 몰랐던 그들의 이야기 | Y드라이브",hx-y6yby9W0,UCkdZR7sBajCG_-oiZt6kj6A,1099324,174000
흉가 체험 다녀온 유튜버…단순 폐건물이 아니었다 (자막뉴스) / SBS,_R0slu7kXwo,UCkinYTS9IHqOEwR1Sze2JTw,1739033,3690000
[짐승친구들] 버츄얼 유튜버,EhgNDbfzHcg,UCszFjh7CEfwDb7UUGb4RzCQ,684517,2720000
"오즈모 액션4 언박싱, 가난한 유튜버가 살아가는법 (우즈벡 우즈베키스탄 국제커플)",Pa5orqkp8pA,UCBIPuIG_7iA9NBIKxIR80wA,47698,129000
"일까지 그만두고 &quot;100만 유튜버 되겠다&quot;라는 남편, 어쩌죠? / JTBC 사건반장",sQHKrXo0QlE,UCsU-I-vHLiaMfV_ceaYz5rQ,90639,2960000
"[이슈톡] 노르웨이 유명 유튜버, 얼음 깨져 사망 (2021.12.03/뉴스투데이/MBC)",HNSVWCEhDf8,UCF4Wxdo3inmxP-Y59wXDsFw,2434208,3670000
"&#39;유튜버 vs 조폭&#39; 일촉즉발…경찰, 강력 2개팀 인근 배치하기도 / JTBC 사건반장",v6XJUZvtuJ8,UCsU-I-vHLiaMfV_ceaYz5rQ,4638690,2960000
"경찰, 태국에서 선정적 방송한 한국 유튜버 구속 / YTN",knv1ali7cgU,UChlgI3UHCOnwUGzWzbJ3H5w,253121,4070000
[와글와글] 초면에 장난치다 총 맞은 미국 유튜버 (2023.04.07/뉴스투데이/MBC),J4gpTVvqTgA,UCF4Wxdo3inmxP-Y59wXDsFw,2202995,3670000
"유튜버 내쫓은 뷔페 업주, 경찰 오자 &quot;미안&quot; 사과하더니… / JTBC 사건반장",hBSzkgaOo2I,UCsU-I-vHLiaMfV_ceaYz5rQ,715662,2960000
[#유퀴즈온더블럭] 2300만 뷰 유튜버 띠예 바다 포도 먹방 비하인드ㅋㅋ 폭풍 성장한 띠예를 응원하는 구독자 이모 삼촌들의 주접 댓글🤣 #띠예,SDcRAM1GkCw,UCWYzc_p0GgfCepIWDHGFmEg,685123,2920000
수상한 손 동작으로 도움 요청한 900만 유튜버,b88P3k_tifs,UCsU3fr78Lyzjp2RGLoQIdbw,421292,853000
옐언니? 파뿌리? 100단계 유튜버 테스트 ㅋㅋ 다 맞춰보겠습니다!?,zYsc74HDQOs,UCVwkFKZl7v3V02JR8gLlUyw,286376,690000
태국 현지 여성과 &#39;음란방송&#39; 한국인 유튜버 구속 (2023.08.21/뉴스외전/MBC),7uPXS8zQugk,UCF4Wxdo3inmxP-Y59wXDsFw,18881,3670000
태국서 성희롱 영상 촬영한 유튜버…대사관 “국격 훼손” 경고 | 뉴스A,HArNjjmhlNM,UCfq4V1DAuaojnr2ryvWNysw,43997,2260000
[오늘 이 뉴스] 차관급 발탁된 유튜버에 &#39;경악&#39;..&quot;극우 유튜버들 희망 준 개각&quot; (2023.06.30/MBC뉴스),a1gXFVmrjPw,UCF4Wxdo3inmxP-Y59wXDsFw,425906,3670000
[이슈톡] 초밥 100개 먹은 먹방 유튜버의 뱃속 (2021.03.18/뉴스투데이/MBC),bI04MWKadTM,UCF4Wxdo3inmxP-Y59wXDsFw,361762,3670000
[자막뉴스] 주식 유튜버 털자 돈다발 &#39;우수수&#39;..250억? 어디서 났나 봤더니.. (MBC뉴스),kqBIdWtqCoA,UCF4Wxdo3inmxP-Y59wXDsFw,3101740,3670000
실수로 업로드한 영상 하나 때문에 실체 드러나버린 유튜버 TOP4,nPahEMJH_mQ,UC2Vcz3eu1hO2zoyTpGvSWkw,536595,863000
"&#39;우크라이나 참전&#39; 이근, 법정 밖에서 유튜버 폭행 논란 / SBS / 이 시각 뉴스",GJuIaKvZOvc,UCkinYTS9IHqOEwR1Sze2JTw,1716504,3690000
뷔페에서 쫓겨난 유튜버…사장 &quot;손님답게 행동해&quot; 역정을? / JTBC 사건반장,SRIzRx0RxnU,UCsU-I-vHLiaMfV_ceaYz5rQ,2662742,2960000
"&quot;평양에서 온 유미입니다&quot; 사라진 북한 유튜버, 왜? (2023.06.23/뉴스데스크/MBC)",YO0pFkbQNGg,UCF4Wxdo3inmxP-Y59wXDsFw,330390,3670000
음악 유튜버 성공하는 법,-XR7RlkhIZk,UCg86gCCgZGWkoHk8c015cQQ,1776536,1320000
&quot;절대 가지마세요&quot; 50만 일본유튜버가 폭로한 일본의 끔찍한 실체 ㄷㄷ,MAAui-AD1ic,UCuffPygXAe4oPvqFMjWmjfA,180212,171000
"&quot;망하게 할 거야&quot; 경주 식당 돌며 횡포 부린 &#39;유튜버&#39;, 왜? / JTBC 사건반장",aF3IXUbmpdg,UCsU-I-vHLiaMfV_ceaYz5rQ,829422,2960000
"0684 💰세계여행 유튜버 조회수 월간순위(2020년 3월-2023년 7월) | 곽튜브,빠니보틀,시수기릿,Joe튜브,쏘이,둥지언니,채코제,여행가제이,원지의하루,캐럿맨,테디여행기",K3HzldEKKH0,UCqnZHZivSwe6cUdTJY43gHA,17241,6050
[단독] &#39;공익 신고&#39; 유튜버의 두 얼굴?…방송 도중 압수수색 / SBS 8뉴스,39WefGhll-k,UCkinYTS9IHqOEwR1Sze2JTw,2256921,3690000
"[글로벌K] 미국 20년 넘은 미제 사건, 유튜버가 풀었다 / KBS  2021.12.14.",0MFeEbaACuA,UCcQTRi69dsVYHN3exePtZ1A,25079,2470000
유튜버 웅이 &quot;폭행 없었다&quot;?…전 연인 녹취록에 담긴 &#39;반전&#39; / JTBC 사건반장,bxZhE5qCucU,UCsU-I-vHLiaMfV_ceaYz5rQ,1443510,2960000
감스트 유튜버분들 죄송합니다,yqyavEda1LU,UCbFzvzDu17eDZ3RIeaLRswQ,639483,2330000
폭염으로 쪄죽어가는 한국에 온 프랑스 인기 유튜버가 서울 도착하자마자 카메라 켠 이유,Xf9cXtKR_UU,UCYKYTbPYaMIIyYuhWYdxmVw,358989,261000
[자막뉴스] 여행 가서 제대로 &#39;한국 망신&#39;...현지 보도까지 된 유튜버 / YTN,hLqCE7h17rQ,UChlgI3UHCOnwUGzWzbJ3H5w,111235,4070000
충격적인 일베의 연설...극우 유튜버 따라하는 윤석열,EU6LP2YPwio,UCUxTPRSns--l5BX2537u7Rw,259491,1130000
유명했지만 갑자기 사라져버린 유튜버들,WlDy9eCK5_U,UCN-j5KoBHNA2MCyfWTsd-oA,6822431,277000
난생 처음 인생의 쓴 맛을 느껴버린 3주 신생아,LfQ6JiWA1sg,UCu4X3ZAoq6nToNJNNoQuICA,627728,228000
난리난 부천역 여자 bj 밀치기 사건,89-SsjesV2w,UCsToiai4UStUT-gaU_itZTQ,6222994,12200
잘나가더니 충격적인 이유로 헤어져버린 역대급 커플유튜버 TOP4,v057cRQtfDE,UCdgfjsA0QzdqdHtxF9-9R3w,1905258,301000
유튜버가 쉽지 않은 이유,Ze73ej3MHQk,UCRuSxVu4iqTK5kCh90ntAgA,5139494,2950000
여자 행세한 유튜버 방송 도중 폭행한 40대 남성 [이슈픽],TliNCIQ7zSU,UCG9aFJTZ-lMCHAiO1KJsirg,163614,1830000
100% 리얼이라고 거짓말하더니 처음부터 끝까지 주작이었던 원시인 유튜버,z1BOCj0t0mE,UCsU3fr78Lyzjp2RGLoQIdbw,2143624,853000
세상에서 가장 돈이 많은 유튜버!,6FdXZD8iZgY,UCm2PiWccs-otbzhjiNXHu5g,8036599,1540000
&quot;계정 폐쇄하라&quot; 유튜버 유지니아 쿠니의 &#39;바비&#39; 의상 논란…무슨 일? / JTBC 사건반장,Z5_by1DHFHI,UCsU-I-vHLiaMfV_ceaYz5rQ,9482,2960000
【 탬탬버린 】 - 이럴 때 아니면 언제 짱 먹어보겠어!!!!,J-61TUrdgFM,UCCA8UWUW80iHqK9ymdjRwPg,85456,491000
탬탬버린,0qfXPIBFyHA,UCCA8UWUW80iHqK9ymdjRwPg,929,491000
【 탬탬버린 】 - 어 바로 눈앞에 있었네 버려야겠다ㅋㅋ,mPqGK9gqB7I,UCCA8UWUW80iHqK9ymdjRwPg,141846,491000
【 탬탬버린 】 - 극딜 할 때 숨을 못 쉬겠어요!!!!!!,a0FZUcVyevE,UCCA8UWUW80iHqK9ymdjRwPg,214087,491000
【 탬탬버린 】 - 아니 그건 진짜 내가 아니었다니까!!!!!,ORcAFx9yEDc,UCCA8UWUW80iHqK9ymdjRwPg,171821,491000
【 탬탬버린／8월 2주차 하이라이트! 】 -8월 2주차에 있었던 핫클립들을 모아놓은 주간핫클립!,9O2ySxkcNqc,UCCA8UWUW80iHqK9ymdjRwPg,242995,491000
【 탬탬버린 】 - 자발적으로 삥을 뜯기는 나...,DS6r1WG78c4,UCCA8UWUW80iHqK9ymdjRwPg,220061,491000
【 탬탬버린 】 - 얘들아 나 듣고있어 알고있는거지?,ax1Ihfu7mBk,UCCA8UWUW80iHqK9ymdjRwPg,213985,491000
【 탬탬버린 】 - 아니 유니야 그게 무슨소리니,RPCfIJ6A8JQ,UCCA8UWUW80iHqK9ymdjRwPg,198332,491000
【 탬탬버린 】 - 그거 그렇게 하는거 아닌데 ㅋㅋ,O7DDKwHe8uI,UCCA8UWUW80iHqK9ymdjRwPg,189358,491000
【 탬탬버린 】 - RPG에서 젤 어려운거 : 닉네임 정하기..,qJ90VwNFlpg,UCCA8UWUW80iHqK9ymdjRwPg,336111,491000
【 탬탬버린／8월 1주차 하이라이트! 】 -8월 1주차에 있었던 핫클립들을 모아놓은 주간핫클립!,-YLQOOp3sZ8,UCCA8UWUW80iHqK9ymdjRwPg,214648,491000
탬탬버린 다시보기,0qfXPIBFyHA,UCTYNOog4xiq-rs2EaSmTnJw,929,95700
【 탬탬버린 】 - 아니 이거 허접보스 아니었냐고,-jRLanABLCY,UCCA8UWUW80iHqK9ymdjRwPg,241729,491000
탬탬버린은 혼자서 40분동안 웃는다.,8zaHYX5AYHs,UC2z7Vj0qpcjIsAEHwOE1-NA,131337,158000
【 탬탬버린 】 - 아무리 언니라도 새벽3시는 곤란해;;,YI9qrFOw9UY,UCCA8UWUW80iHqK9ymdjRwPg,290651,491000
【 탬탬버린 】 - 내 캐릭터 너무 못생겼어ㅠㅠㅠㅠㅠㅠ,lN1UxwxSVm0,UCCA8UWUW80iHqK9ymdjRwPg,220319,491000
【 탬탬버린 】 - 춘향형님!!! 제가 막내교육 빡세게 시키겠습니다!!!,io5GuLyYR4M,UCCA8UWUW80iHqK9ymdjRwPg,249674,491000
【 탬탬버린 】 - 하 진짜 사람을 멀로보고 ㅋㅋ 참나 ㅋㅋ,KcjaK6e41Vw,UCCA8UWUW80iHqK9ymdjRwPg,259330,491000
잠에서 덜 깬 탬탬버린이 너무 귀여워 ⚗︎·̫⚗︎,a5WSTc8EsZw,UCIVFv8AiQLqM9oLHTixrNYw,918939,631000
【 탬탬버린 】 - 메이플 딸깍 사냥 매드무비 찾아보기,GqYFce5Z6Bk,UCCA8UWUW80iHqK9ymdjRwPg,375409,491000
【 탬탬버린 】 - 스트리머들이 모인 서버에서 만나자마자 하는 얘기가 이거라고?ㅋㅋㅋㅋㅋㅋㅋㅋㅋ [악어의 놀이터1편],v8CVWM-SXVQ,UCCA8UWUW80iHqK9ymdjRwPg,428973,491000
【 탬탬버린 】 - 메이플 조별과제 절망편,WmO0lrCZhD8,UCCA8UWUW80iHqK9ymdjRwPg,306919,491000
【 탬탬버린 】 - 【 탬탬버린／7월 1주차 하이라이트! 】 - 7월 1주차에 있었던 핫클립들을 모아놓은 주간핫클립!,qkWq-Lnw_s4,UCCA8UWUW80iHqK9ymdjRwPg,237085,491000
【 탬탬버린 】 - 아니 내가 어때서 그래 진우야!!!!,e2pblP3gkwg,UCCA8UWUW80iHqK9ymdjRwPg,217226,491000
【 탬탬버린／7월 2주차 하이라이트! 】 - 7월 2주차에 있었던 핫클립들을 모아놓은 주간핫클립!,Qcfnj9jeG6E,UCCA8UWUW80iHqK9ymdjRwPg,274239,491000
【 탬탬버린／7월 3주차 하이라이트! 】 - 7월 3주차에 있었던 핫클립들을 모아놓은 주간핫클립!,qcFESilztFk,UCCA8UWUW80iHqK9ymdjRwPg,233042,491000
【 탬탬버린 】 - 운영자 공식 피셜 망캐 탬탬버린 (지능 -999) [악어의 놀이터3편],O_nKiUfvP-o,UCCA8UWUW80iHqK9ymdjRwPg,456756,491000
【 탬탬버린 】 - 메이플 현명하게 하는 법ㅋㅋㅋㅋ,rKDDUL9UuKg,UCCA8UWUW80iHqK9ymdjRwPg,410872,491000
【 탬탬버린 】 - 원기형 자석펫 너무매워요 ㅠ,9JX1hmYlI2o,UCCA8UWUW80iHqK9ymdjRwPg,278714,491000
【 탬탬버린 】 - 아니 유니야 이거는!!!!!!!,jPT3SX3b_sc,UCCA8UWUW80iHqK9ymdjRwPg,380132,491000
【 탬탬버린 】 - 내 배추 살려!!!!!!!!!! [악어의 놀이터6편],bnKdkjfUgI8,UCCA8UWUW80iHqK9ymdjRwPg,614127,491000
【 탬탬버린／7월 4주차 하이라이트! 】 - 7월 4주차에 있었던 핫클립들을 모아놓은 주간핫클립!,foCc6w5rtQc,UCCA8UWUW80iHqK9ymdjRwPg,198865,491000
【 탬탬버린 】 - 대회에서 인정받은 나의 할매럴킹 ㄷㄷ,ucQpm5NmU1w,UCCA8UWUW80iHqK9ymdjRwPg,354339,491000
【 탬탬버린 】 - 이거 좋은거임? (진짜모름ㅋ),Ua7zL2y8wGM,UCCA8UWUW80iHqK9ymdjRwPg,453829,491000
【 탬탬버린 】 - 비호감이 두명 있으니까 더 재미있음ㅋㅋ,wHt44dFdRy8,UCCA8UWUW80iHqK9ymdjRwPg,189213,491000
【 탬탬버린 】 - 마이크만 켰다하면 잼민이 혹은 티모성우 의심받는 나.,PTbs2I0xae0,UCCA8UWUW80iHqK9ymdjRwPg,182448,491000
【 2023.06.23 / 저스트채팅 + 롤토체스 】 - 탬탬버린 다시보기,rC5dW_ByhnE,UCTYNOog4xiq-rs2EaSmTnJw,38087,95700
【 탬탬버린 】 - 칸트와 탬트,gDBJ52sMEMw,UCCA8UWUW80iHqK9ymdjRwPg,353325,491000
【 탬탬버린／6월 5주차 하이라이트! 】 - 6월 5주차에 있었던 핫클립들을 모아놓은 주간핫클립!,0TS84xIW4uM,UCCA8UWUW80iHqK9ymdjRwPg,293754,491000
【 탬탬버린／6월 4주차 하이라이트! 】 - 6월 4주차에 있었던 핫클립들을 모아놓은 주간핫클립!,JIwAMcK0LxQ,UCCA8UWUW80iHqK9ymdjRwPg,264611,491000
【 탬탬버린AI | ver.탬탬 】 귀여워서 미안해(VER. 한국어) - 주르르 (JURURU) [가사 포함] | AI Cover,6ThzBpu2p7Y,UChLPRoBo3VGe4UJUKWbU4xg,32598,2060
【 탬탬버린 】 - 악어의 놀이터 후유증..,q5csDWjodQQ,UCCA8UWUW80iHqK9ymdjRwPg,487040,491000
【 탬탬버린 】 - 진짜 진우야 이러면 안된다고!!!!,TekPjG5VHhU,UCCA8UWUW80iHqK9ymdjRwPg,685580,491000
【 탬탬버린 】 - 아... 아니에요 저 쓰레기 아니에요!!!!!!,B4_GjjAVa5A,UCCA8UWUW80iHqK9ymdjRwPg,248181,491000
【 탬탬버린 】 - 어쩐지 강지한테 많이 혼나더라니 ㅎ,NDfUhtoBX3A,UCCA8UWUW80iHqK9ymdjRwPg,226362,491000
【 탬탬버린 】 - 헉 코순이는 실존한다;;;;;,XSqHOkKPPfc,UCCA8UWUW80iHqK9ymdjRwPg,273284,491000
【 탬탬버린 】 - 교수님의 나이에 호그와트에 입학한 나....,lZSqadN2FYE,UCCA8UWUW80iHqK9ymdjRwPg,132630,491000
【 2023.07.11 / 저스트채팅 + 메이플스토리 】  - 탬탬버린 다시보기,_XgFJaXGaWw,UCTYNOog4xiq-rs2EaSmTnJw,52072,95700
【 탬탬버린 】 - 제일 재미있는 돈날리는거 구경하기 근데 문제는 내돈이다.,aiPOFNiQJEM,UCCA8UWUW80iHqK9ymdjRwPg,418557,491000
주르르 JURURU,0qfXPIBFyHA,UCTifMx1ONpElK5x6B4ng8eg,929,258000
[MV] GIRL&#39;S DAY(걸스데이) - Darling(달링)｜Cover by 주르르,7sFIjj5BW3M,UCTifMx1ONpElK5x6B4ng8eg,715315,258000
[MV] 아이돌 (최애의 아이 OP)｜Cover by 주르르 (feat. 비챤),z6RSOiYOVuQ,UCTifMx1ONpElK5x6B4ng8eg,1675578,258000
우주ㅋㅋㅋ최강ㅋㅋㅋㅋ귀요밐ㅋㅋㅋㅋ,aRLVL40YbJI,UCTifMx1ONpElK5x6B4ng8eg,134022,258000
주르르 다시보기,0qfXPIBFyHA,UCo28fS0LmlcyPcKItrZMPiQ,929,31700
징버거약혼녀,HDxYEePG-O8,UCgGvSg2lscdNUx9ZJIBh9FQ,20005,58200
왁굳님 차 제가 살게요!!!!!!!!,Lh-552DAbLU,UCTifMx1ONpElK5x6B4ng8eg,157486,258000
숲튽훈 &amp; 주르르 (STH &amp; JURURU) - 고속도로 로망스 (Freeway Romance) Official MV,7XFJ4s0j9z0,UCzh4yY8rl38knH33XpNqXbQ,745157,573000
여름캠프라고 속이고 공포게임 시켜버리기 1팀 - [아이네&amp;주르르],c3tZMfdpXqw,UCzh4yY8rl38knH33XpNqXbQ,190672,573000
언니는 다른 데도 살이 있잖니,zWUYfCs6z0E,UCgGvSg2lscdNUx9ZJIBh9FQ,45760,58200
[2023.08.17 / 이세돌 합방 여름 캠프(담력시험)] - 주르르 다시보기,XoT_3Y0Mo_k,UCo28fS0LmlcyPcKItrZMPiQ,22097,31700
고멤 아카데미와 첫(?) 만남,WznmesxlYD8,UCTifMx1ONpElK5x6B4ng8eg,164259,258000
NCT DREAM(엔시티 드림) - Candy | Cover by. 주폭소년단,fHQvJOujyH4,UCTifMx1ONpElK5x6B4ng8eg,156093,258000
B형 특)다혈질임 - 유사과학월드컵,ozVZmQ199aQ,UCTifMx1ONpElK5x6B4ng8eg,178872,258000
그저 형의 칭찬이 좋은 르르땅,wn0bL1TjG9w,UCgGvSg2lscdNUx9ZJIBh9FQ,15889,58200
[MV] TWICE(트와이스) - “SCIENTIST”｜Cover by 주르르(feat. 아이네),rFxJjpSeXHI,UCTifMx1ONpElK5x6B4ng8eg,5497013,258000
왁두 티셔츠 무료나눔 해주셨던 분 찾습니다..,A8qQoDMPqMM,UCTifMx1ONpElK5x6B4ng8eg,123009,258000
부산행 비행기 | 트위치 클립 일일 하이라이트 | 클립라이트,Nwa9pXMKk-g,UCBQ_wV4Xw3_woG5uOCTuuaw,23737,72700
우왁굳!! 덤벼라! 닌닌이다!,pa8L3VHyWB8,UCgGvSg2lscdNUx9ZJIBh9FQ,21181,58200
귀족희 오디션 영상을 보는 르르땅,qwarFz8HyMU,UCgGvSg2lscdNUx9ZJIBh9FQ,150055,58200
??:이거는 무조건 르르땅이 해야 해요,2qSEgjqeX28,UCgGvSg2lscdNUx9ZJIBh9FQ,21806,58200
흑막르르,DNy00dPkk9k,UCgGvSg2lscdNUx9ZJIBh9FQ,15274,58200
쭈굴굳,XgND8KbgLuA,UCgGvSg2lscdNUx9ZJIBh9FQ,22849,58200
[MV] 귀여워서 미안해 (한국어 Cover.)｜Cover by 주르르,-pczFfMtWrc,UCTifMx1ONpElK5x6B4ng8eg,1639669,258000
지구는 정육면체일 것이다 (이과 시청금지),9Vi1cjz2Phw,UCTifMx1ONpElK5x6B4ng8eg,144873,258000
경찰서를 자주 갔던 이유..,x8EZPdbVxOA,UCTifMx1ONpElK5x6B4ng8eg,186926,258000
절대 수영장에 들어가지말.... (풍덩),3UJohnGAuxE,UCgGvSg2lscdNUx9ZJIBh9FQ,49122,58200
둘기 난민 특,OwG0ZjqdK3M,UCgGvSg2lscdNUx9ZJIBh9FQ,40723,58200
"[MV] 봄,사랑,벚꽃 말고｜Cover by 주르르 with. JFS",tc92ES3R6os,UCTifMx1ONpElK5x6B4ng8eg,670626,258000
왁굳형... 조용히 좀 해줘....,hW8y6lw_CyE,UCTifMx1ONpElK5x6B4ng8eg,125771,258000
벽에 끼인 주르르 만화,KYxXkBz3irM,UCTifMx1ONpElK5x6B4ng8eg,186385,258000
불곰과 주르르,t4bH1FcxmCY,UCZOcwheypMvYN_J2oRBgt2A,144963,186000
멤버들한테 섭섭해서 울어버린 세구땅,2zX8W8L5reM,UCgGvSg2lscdNUx9ZJIBh9FQ,33810,58200
주르르 vs 고세구 이세돌 최강 츤데레는? | 트위치 클립 일일 하이라이트 | 클립라이트,uEiEJYPs43U,UCBQ_wV4Xw3_woG5uOCTuuaw,40391,72700
이네언니가 이런 목소리도 낸다고?,1oTkw0uK6kE,UCgGvSg2lscdNUx9ZJIBh9FQ,39065,58200
전기세를 무시하면 안되는 이유;;,stbEQfGMtOU,UCTifMx1ONpElK5x6B4ng8eg,261015,258000
(몰카) 이세계아이돌에게 돈을 빌려보았다!!,MKDOUU3AJ0c,UCTifMx1ONpElK5x6B4ng8eg,265127,258000
"[2023.08.10 / 붕괴:스타레일, 맞춤법 용사, ASMR] - 주르르 다시보기",IrErTVXZIe8,UCo28fS0LmlcyPcKItrZMPiQ,10234,31700
친척들 앞에서 귀여워서 미안해를...,VlPorhnHxt0,UCTifMx1ONpElK5x6B4ng8eg,302173,258000
남카데미 - 비가 오는 날엔 COVER (주르르 반응),wFkoXEbWA9U,UCgGvSg2lscdNUx9ZJIBh9FQ,34987,58200
"[2023.08.05 / 공주님을 부탁해, 이터널리턴 연습] - 주르르 다시보기",5IXRbsrpwIg,UCo28fS0LmlcyPcKItrZMPiQ,10557,31700
# 주르르 노래🎧,0qfXPIBFyHA,UCTifMx1ONpElK5x6B4ng8eg,929,258000
"[2023.06.09 / 반말데이, 신비한 동물 퍼즐 팬게임] - 주르르 다시보기",kpXY_jdZcho,UCo28fS0LmlcyPcKItrZMPiQ,9336,31700
기분이 좋은 르르땅은 풍유환을 샀다!,9a-K7CVyhFo,UCgGvSg2lscdNUx9ZJIBh9FQ,15215,58200
킹받는 모기챤 (주르르 반응),u3CnwLuBVCM,UCgGvSg2lscdNUx9ZJIBh9FQ,36128,58200
"[ 2023.06.19 / 근거없는 유사과학 이상형 월드컵, 온리업 (음성도네)] - 주르르 다시보기",mwIdYXq8Uic,UCo28fS0LmlcyPcKItrZMPiQ,8944,31700
[2023.08.18 / 이세계 아이돌 3집 : KIDDING 공개] - 주르르 다시보기,FD5APOxuOzo,UCo28fS0LmlcyPcKItrZMPiQ,7743,31700
친구야 왜 혼자 먹어?ㅎ,p89bAbiGFEQ,UCTifMx1ONpElK5x6B4ng8eg,157322,258000
새로 만난 유니콘 친구가 너무 맵다...,iN1FtgC1S00,UCTifMx1ONpElK5x6B4ng8eg,459926,258000
주르르 노래 플레이리스트(이세계 아이돌 - JURURU),0qfXPIBFyHA,UCt9tO08tydJcNlESt-Ivt_Q,929,71
감블러,0qfXPIBFyHA,UCgmQJAJuiddthVUfJmWxltA,929,129000
하늘에서 지켜볼게,dYU5b1imWzc,UCgmQJAJuiddthVUfJmWxltA,41880,129000
흐흐흐 망개야,cG4R3T37vbM,UCgmQJAJuiddthVUfJmWxltA,44292,129000
슈우웅,LuIySl2UsEk,UCgmQJAJuiddthVUfJmWxltA,44485,129000
감블러 다시보기,0qfXPIBFyHA,UCtJxwAr4vDoNjhsf6lSCuLw,929,11000
결국 되기로 했습니다,hqRKApFKsZs,UCgmQJAJuiddthVUfJmWxltA,49252,129000
아이돌,E_Pr8eQvswo,UCgmQJAJuiddthVUfJmWxltA,119204,129000
감블러툰,0qfXPIBFyHA,UCgmQJAJuiddthVUfJmWxltA,929,129000
제발요,9h2qYLLEQUA,UCgmQJAJuiddthVUfJmWxltA,78025,129000
뿔을 달여서 먹을 때가 됐나..,311o1ypTqKw,UCgmQJAJuiddthVUfJmWxltA,92020,129000
아르르르,lfY1xOFNIuY,UCgmQJAJuiddthVUfJmWxltA,58069,129000
둘이 같이 있어?,7ALXEXhBZ4M,UCgmQJAJuiddthVUfJmWxltA,90807,129000
붕어맨과 개소녀,cu0YkU6EgYo,UCgmQJAJuiddthVUfJmWxltA,59119,129000
끼아아악 감블러!! 제발 천천히 가!!!! ㅠㅠㅠㅠ,DZF3gZtt9sw,UC5rZJy3Neujs6jQPtZdFZlQ,8546,24100
축하드려요~,ZYneUoSFKrA,UCgmQJAJuiddthVUfJmWxltA,91313,129000
【 탬탬버린 】 - 감블러님 1:1 식사데이트 시켜드릴게요!!,Uc8pfFOJYRg,UCCA8UWUW80iHqK9ymdjRwPg,303955,491000
상황극,8E-ClpTOP3U,UCgmQJAJuiddthVUfJmWxltA,88868,129000
[발로란트] 9분동안 감블러의 에임 보기ㅣ발로란트 매드무비,suuWE2Q8I6c,UCohWQ9c_9kDQi5fqDDciteg,20278,30600
결혼 @애니메이션,RQchyGyoG5k,UCgmQJAJuiddthVUfJmWxltA,1475865,129000
슈퍼스타의 조짐이 보이는 감블러 ▶ 자낳대 EP.２화,3Iyv895RFZI,UCZ6IM7_T-bCmr_7DgAKjYxg,60034,222000
으어아,t6NK4-8pQyU,UCgmQJAJuiddthVUfJmWxltA,178754,129000
그게 아니고!!,-WD2tsNxWes,UCgmQJAJuiddthVUfJmWxltA,59380,129000
나는 벌꿀오소리,5gWQ2PBCBrU,UCgmQJAJuiddthVUfJmWxltA,56928,129000
캬 탬황,kOVC_QCJtic,UCgmQJAJuiddthVUfJmWxltA,105759,129000
에필로그  - 감블러 ai cover,5XUdoHFb4mU,UCqBaMiGxCddQxf7AQRFSHwQ,7150,6
마법소녀가 되어버린 감블러ㅋㅋㅋㅋㅋ,otlchU1TSbE,UC5rZJy3Neujs6jQPtZdFZlQ,6638,24100
2차 백신 @애니메이션,XRtprEXwuVM,UCgmQJAJuiddthVUfJmWxltA,996213,129000
당했다!,nlszf8SXZw8,UCgmQJAJuiddthVUfJmWxltA,97445,129000
&#39;5만명&#39; 앞에서 큰 결심을 다짐한 감블러,Fx8HBSdT4X4,UCJGww2K__Q3y-MtDi0XWH2w,130293,269000
소녀 웃음 @애니메이션,9JCFWAkiGeA,UCgmQJAJuiddthVUfJmWxltA,587309,129000
츄,yzrEIYTZJis,UCgmQJAJuiddthVUfJmWxltA,116845,129000
그녀들을 웃기는 방법 @애니메이션,CE68l6Gigh0,UCgmQJAJuiddthVUfJmWxltA,466058,129000
ㅋㅋ나잖아,ggXRaFfYtlE,UCgmQJAJuiddthVUfJmWxltA,65168,129000
"[2023/08/01 이터널리턴 (ETERNAL RETURN) - 감블러, 김뿡]-이춘향 다시보기",hrJ47s2eG8Y,UCt6yxtrzWq7m8fgA0-rqbdg,4840,55200
23.08.12 발로란트 내전,YCE_dUggIxg,UCtJxwAr4vDoNjhsf6lSCuLw,3736,11000
23.07.09 노래방 + 싱크룸 / 김뿡 금사향,dUCAmkMlJLA,UCtJxwAr4vDoNjhsf6lSCuLw,51743,11000
감블러 그는 신인가,dyT2bmZhPEo,UCk7zPbUEzyUmVfz_gJEHymg,7952,61200
내려갑니다,5YdRe50QvIA,UCgmQJAJuiddthVUfJmWxltA,71457,129000
23.07.30 이터널 리턴 24인 내전,NZW7BFxV4gI,UCtJxwAr4vDoNjhsf6lSCuLw,3147,11000
감블러 클래식 제 1악장,dwad0-MZSzg,UCgmQJAJuiddthVUfJmWxltA,206554,129000
감블러,0qfXPIBFyHA,UCN4Pd-kfnoo-GL1xsZ6tE4w,929,0
23.07.29 슈퍼 마리오 메이커2 켠챔스,Mknieb7QN3E,UCtJxwAr4vDoNjhsf6lSCuLw,2332,11000
에잉.... 쯧...,DBS4t0eAqYU,UCgmQJAJuiddthVUfJmWxltA,217205,129000
"놀라울 만큼,",5Mrppy4q9GU,UCgmQJAJuiddthVUfJmWxltA,129009,129000
23.07.22 구스 구스 덕,CVD47QaCbYg,UCtJxwAr4vDoNjhsf6lSCuLw,4551,11000
행복했던 일주일의 시작 [1화],8zlofErECxI,UCgmQJAJuiddthVUfJmWxltA,67611,129000
FPs 마지막 화 [4화],hOXMGuk7AMo,UCgmQJAJuiddthVUfJmWxltA,49393,129000
2023 롤낳대 따봉디제도 연습 과정,zfYl0H3knw0,UCgmQJAJuiddthVUfJmWxltA,55545,129000
[ 2023. 08. 16 발로란트 w. 강지 감블러 실프 피닉스박 ],uRPufPa6cx4,UCa4GCwCq8MFAVz7IcHGE3ug,4262,9070
춘펀치 @애니메이션,fUdEqgGW7y8,UCgmQJAJuiddthVUfJmWxltA,278501,129000
아이네 INE,0qfXPIBFyHA,UCroM00J2ahCN6k-0-oAiDxg,929,324000
하..하쥐마... - 마니또 이세돌 합방,wRG0ljKFXr4,UCroM00J2ahCN6k-0-oAiDxg,212222,324000
아이네 다시보기,0qfXPIBFyHA,UCBF6nBTgFN_xzrLMF9eiRhw,929,64300
아이네! 릴파! 뢴트게늄! 해루석이 팀이다! - 브축대(VR 축구 대회),kLgbcUN-8TA,UCroM00J2ahCN6k-0-oAiDxg,120140,324000
여름캠프라고 속이고 공포게임 시켜버리기 1팀 - [아이네&amp;주르르],c3tZMfdpXqw,UCzh4yY8rl38knH33XpNqXbQ,190672,573000
"20230824 고놀 감상, 아이봤 - 아이네 다시보기",01exlEjftgg,UCBF6nBTgFN_xzrLMF9eiRhw,29769,64300
근데 먹을거양,Y4NWe81geeI,UCroM00J2ahCN6k-0-oAiDxg,253246,324000
20230817 이세돌 합방 여름캠프(담력시험) - 아이네 다시보기,id2dFePaTlY,UCBF6nBTgFN_xzrLMF9eiRhw,166361,64300
2023. 8. 27. 망우 중앙 교회 금요 찬양집회 및 기도회  Live,gLFwu_zGlh8,UCJyV0wq9Ksrl8iMSPix4hVw,63,123
평행세계 이세돌 2화 (아이네 더빙),FyfPGl89Lq8,UCmHltryGykfakS-JmaxrNBg,105824,94500
아이네 화장실 만화,_8yYzvjBDgo,UCroM00J2ahCN6k-0-oAiDxg,592434,324000
아이네 불나는 만화,eWa-zpkUQSs,UCroM00J2ahCN6k-0-oAiDxg,394585,324000
아이네를 보고 싶었던 한 팬... | 트위치 클립 일일 하이라이트 | 클립라이트,6qkajRVbZwk,UCBQ_wV4Xw3_woG5uOCTuuaw,108291,72700
나도 핑크 캐릭터 가방!!!!!!!!!!!!!!!!,7bczL-PiN18,UCroM00J2ahCN6k-0-oAiDxg,232189,324000
이세돌 미로 팬미팅 후기 만화 (아이네 반응),DK5cXLAU5RI,UCmHltryGykfakS-JmaxrNBg,278592,94500
도네이션 헛소리 컷,_s0KmjRozos,UCmHltryGykfakS-JmaxrNBg,40594,94500
[MV] 고멤가요제 MASHUP - 아이네 INE,SXE-gIU3yJs,UCroM00J2ahCN6k-0-oAiDxg,5962707,324000
계속 웃어서 목이 너무 아파🤣 - 슈퍼버니맨 with 징버거,ZoDNMnmcQCc,UCroM00J2ahCN6k-0-oAiDxg,176287,324000
이세계 이야기 -대운동회- (아이네 더빙),OunNrbTvaeQ,UCmHltryGykfakS-JmaxrNBg,64115,94500
아이네 포인트 도박의 비밀 만화,lBhYKDGTMJ8,UCroM00J2ahCN6k-0-oAiDxg,444047,324000
반면교사 모음집 - 카톡 극혐 고백 월드컵,_JsLt7zwaEQ,UCroM00J2ahCN6k-0-oAiDxg,250969,324000
20230820 이세돌 합방 와글와글 이세계 홈파티 - 아이네 다시보기,fO7ic3pst3s,UCBF6nBTgFN_xzrLMF9eiRhw,54236,64300
아~ 왕자 보고싶어 - 공주님을 부탁해!,8EBMCGBGtKI,UCroM00J2ahCN6k-0-oAiDxg,142185,324000
20230808 팬게임 공주님을 부탁해! - 아이네 다시보기,qfQ2Q0rqG4w,UCBF6nBTgFN_xzrLMF9eiRhw,39436,64300
흡혈사슴(아님) - 아무위키,6BAOpoHDwrw,UCroM00J2ahCN6k-0-oAiDxg,362030,324000
이세돌 석기시대 만화,mvCEFSe3wX0,UCroM00J2ahCN6k-0-oAiDxg,567190,324000
죽여버리겠다,o1Qsp6oCeEk,UCroM00J2ahCN6k-0-oAiDxg,859486,324000
"아이네, 마법소녀(금전)",IMhycCRYEmg,UCroM00J2ahCN6k-0-oAiDxg,553890,324000
"20230708 연애 노가리, 카톡 고백 월드컵 - 아이네 다시보기",Pdz6zpoYpWk,UCBF6nBTgFN_xzrLMF9eiRhw,55741,64300
아이네식 배그 (숨음) - 왁타버스 배그 대축제,HzUrsAdW9f0,UCroM00J2ahCN6k-0-oAiDxg,186410,324000
그래 내 꼴을 봐..,g8NuAmdaEjU,UCroM00J2ahCN6k-0-oAiDxg,493548,324000
"무슨 버튜버가 노래를 이렇게 잘해..? &quot;아이네&quot; , 9가지❗털어드림❗",QE3rt6DrYHM,UCfrO3ZMC-rOThB-NSxfGjTQ,161605,16100
20230623 멜론 명예의 전당!!! 축제의 노래뱅 - 아이네 다시보기,OTj1zAlBteQ,UCBF6nBTgFN_xzrLMF9eiRhw,162343,64300
"20230815 왁타버스 신곡 감상, 집사카페 맵 점검, 돌쇼츠 맵 탐방, 옛날 오타쿠 노래뱅 - 아이네 다시보기",HLpmo73KfZc,UCBF6nBTgFN_xzrLMF9eiRhw,37533,64300
캬ㅑㅑㅑㅑ!!!!!!! 너무예뻐 빨리봐줘,uTcaomzrHVw,UCroM00J2ahCN6k-0-oAiDxg,192585,324000
마네쟈 고마워!!!!!,sN7ZBqjGtKU,UCroM00J2ahCN6k-0-oAiDxg,291271,324000
뭐든 끼워 넣어 보아요 - 팬게임 신비한동물퍼즐,696Pa3RvUWM,UCroM00J2ahCN6k-0-oAiDxg,137159,324000
배우는중입니다,YajycR3C70o,UCroM00J2ahCN6k-0-oAiDxg,274935,324000
취향 해명하는 만화,FgWYfH9ei_I,UCbzwKeJNjtQB6RlyX44l-0A,109846,41900
평행세계의 이세돌 (아이네 더빙),hss71VFhMHk,UCmHltryGykfakS-JmaxrNBg,260434,94500
아이네 방송 에티켓,E9pUR5VlVFI,UCmHltryGykfakS-JmaxrNBg,68601,94500
"20230818 KIDDING(키딩) 음원 발매, 담력시험 왁굳님 시점으로 다시보기 - 아이네 다시보기",eC43v9wg998,UCBF6nBTgFN_xzrLMF9eiRhw,82501,64300
20230626 잔잔 노가리 짧뱅 - 아이네 다시보기,uKcdVTdiRt0,UCBF6nBTgFN_xzrLMF9eiRhw,20005,64300
아이네 노래🎶,0qfXPIBFyHA,UCroM00J2ahCN6k-0-oAiDxg,929,324000
지구용사 햄가드 만화,nuM96aipA3k,UCroM00J2ahCN6k-0-oAiDxg,528430,324000
잃어버린 햄이네 찾았어요 (아이네 반응),t5xwzI5bL2U,UCmHltryGykfakS-JmaxrNBg,49496,94500
아시겠어요? 아시겠냐구요!!!! (드르렁),Db1Z4F0AcB0,UCroM00J2ahCN6k-0-oAiDxg,482516,324000
부엉이네 도장 (아이네 반응),XCSqPZ5AAHE,UCmHltryGykfakS-JmaxrNBg,24051,94500
아이네 입덕일지 - 요술봉편 (아이네 더빙),87ULCQ-xuBY,UCmHltryGykfakS-JmaxrNBg,126779,94500
파피 플레이타임3 티저 (아이네 반응),39_l-MU1_0I,UCmHltryGykfakS-JmaxrNBg,146248,94500
크라잉넛(Crying nut) 비둘기(Pigeon),ROQuQYljHGI,UCweOkPb1wVVH0Q0Tlj4a5Pw,962073,24600000
‘비둘기야!! 어딜 가니!!🕊️’ 황소윤&amp;최정훈 고음 폭발🎤↗↗🔥｜비둘기 - 황소윤 X 최정훈 [더 시즌즈-최정훈의 밤의공원] | KBS 230728 방송,Ha2kFCvRRNE,UCeLPm9yH_a_QH8n6445G-Ow,69459,8100000
[세로] 황소윤&amp;최정훈 - 비둘기 (원곡: 크라잉넛) [더 시즌즈-최정훈의 밤의공원] | KBS 230728 방송,WIpM68OZRxk,UCeLPm9yH_a_QH8n6445G-Ow,24014,8100000
공원 비둘기 잡아서 기생충이 얼마나 많은지 확인해 보았습니다,r6XU1S5uKzw,UCzQyugvPXLhvWZLes68cZjA,1831820,314000
도심에 비둘기가 왜 많은지 이해 시켜주는 영상,I5TOj34tFW4,UCzQyugvPXLhvWZLes68cZjA,90933,314000
비둘기 새끼 줍 비둘기의 최후는?,g-Az8sUAK5s,UCzQyugvPXLhvWZLes68cZjA,86618,314000
비둘기가 먹방!! 주워온 비둘기 밥상머리 교육,f7MYeskmn98,UCzQyugvPXLhvWZLes68cZjA,32678,314000
비둘기 (비둘기),4fwHhULkLYc,UCRU0hoqPi-bqE7KVqI0REDg,22663,5970
비둘기 가족 여름 피서지 흐르는 물가를 떠나지 않는 비둘기 가족의 피서법 비법이라 할 것 없이 물가를 벗어나 불가마 속에서 생존치 못하는 폭염 경보에 살아남는 비법은 딱 하나,7bSQ8cGvXwk,UCQZf2qQC3d-6O0bRoTrKnnQ,3,76
남고에 들어온 비둘기의 최후,Qp61d64LNGk,UCV8MBtSN81H3xSswezeYBAw,3131448,7150
세상에서 가장 멍충한 비둘기......,DYNUBurdNiQ,UCOoqJiuD_L9Brb35AxnVbSg,1017995,973000
나는 태어난 지 19일 된 비둘기 새끼다 [애니멀봐 나새끼 20호]ㅣI&#39;m A 19 Days Pigeon,Sz9rMPZS1eo,UC22go5LdQEw-iDuxFb4C0hw,140543,4860000
다음 중 비둘기가 아닌 것을 찾으시오 (정답 : 없음) ┃Find Any of the Following that&#39;s not a Pigeon. (Answer: None),MSah7qlUnvE,UC0PsUG07plnP_uQQS9djFVQ,2718712,1460000
크라잉넛 - 비둘기 [올댓뮤직/All that Music] | KBS 201029 방송,eBUScXHiFCw,UCR5cyf8hncN_AaQPfmvmlgA,10205,1150000
서럽게 &#39;구구구&#39; 우는 비둘기…발걸음 멈춘 사람들  / 연합뉴스 (Yonhapnews),Wt9HqFxRsAM,UCj3_t5p4L4aFsvdW3uHjnnw,58876,864000
3년 전에 떠난 아내가 흰 비둘기로 환생했다고?,cLcjeP2ZrZA,UC22go5LdQEw-iDuxFb4C0hw,297978,4860000
이집트 비둘기 먹어보기 【유라시아94】,RJhZCnkAT04,UCNhofiqfw5nl-NeDJkXtPvw,1300281,1890000
Video for cats 11Hours★고양이가 좋아하는 영상(새/비둘기)11시간★고양이예능/놀이/힐링/자연(4K/Bird/Nature/Play/Relaxing)(외출용ver.),-2HokAWoJzM,UCNDxr1l2LAEubKS_qfraU9A,19886,5270
방앗간 비둘기,0qfXPIBFyHA,UC1MO5uem_t8lRgvIBF9u83w,929,592000
99동 999호 비둘기들이 모여사는 아파트ㅋㅋㅋㅣDoves That Moved into an Apartment in a Group,75K4u7CRl8U,UC22go5LdQEw-iDuxFb4C0hw,101286,4860000
도심 비둘기는 왜 발가락 하나가 없을까?,ITsOKirOBSE,UCb-AbqZutk9nTlJLZRcBinw,228091,405000
비둘기는 어떻게 전 세계의 도시를 점령했나? 알고 보면 적응의 진정한 승자,0b5qE3PIua0,UCcYk_KPZZMLv_bcaSAWSSxA,159131,637000
비둘기는 엄청 많은데 왜 사체는 보이지 않을까?,8W5E7XAHapk,UCb-AbqZutk9nTlJLZRcBinw,1391394,405000
[미리보기] 황소윤&amp;최정훈 - 비둘기 #더시즌즈_최정훈의밤의공원 #shortsㅣkbs,KHblh6S6o6U,UCeLPm9yH_a_QH8n6445G-Ow,222357,8100000
비둘기가 멸종위기종이라니...전국에 100마리만 남았습니다,UU1j8Zv92tA,UCsbVGDDMTToaOwbzEK0_6Vg,739966,442000
평화의 상징이던 비둘기는 어쩌다 혐오스러운 닭둘기가 되었을까,DaAARPOMe7s,UC5Znk83wpDdporFLdDWHARQ,87959,784000
비둘기에서 익룡으로 진화하는 크로우,GLQWbnphMcI,UC5pbeFWTPAUdKu65kBROsBg,151235,819000
실제로 존재하는 돌연변이 비둘기 ㄷㄷ,5LXUG902tzg,UCJswSyP8FrKFAukRPbJ950A,2348294,287000
비둘기는 횡단보도 신호도 알아볼까?,qwLyXE3o1EE,UCl7MKZHz017uFK_gFrgD0sw,18150,663000
은혜갚은 비둘기,CviYY_0kBwY,UCzQyugvPXLhvWZLes68cZjA,1199134,314000
요즘 비둘기 특징,umtsGJ4JCjE,UC5ScPjbt-a97AJO7SBj6nAg,429657,560000
[EBS SPACE 공감] 미방송영상 크라잉넛 - 비둘기,G-R5718mLQs,UCmD_hRhMgxsf5e-6cEuxjSg,77396,67400
북한에 비둘기가 없는 이유ㄷㄷ 비둘기의 소름 돋는 비밀 TOP5  [빠퀴2tv],KLaur5t_A3g,UCLh1Ar5Rw5UckEFiH8KqVaA,414606,144000
비둘기를 내쫓는 가장 효과적인 방법은?｜KBS 위기탈출 넘버원 150903 방송,G1k2KgcWWRk,UCAhKKbDO9-ymWZ_7iAFLBQQ,43436,1210000
비둘기는 왜 겁대가리가 없을까?,1PPj5KRNj8g,UCQ6mSjBC3Gtkp5incur-raw,67994,150000
"도심에 사는 비둘기 개체수 약 50만 마리 | ‘평화의 상징’에서 ‘혐오의 대상’으로 전락해버린 비둘기 | 비둘기의 이유있는 변명 [다큐, 시선] | #골라듄다큐",KHnWpwFDt2Y,UCFCtZJTuJhE18k8IXwmXTYQ,10757,3350000
[실화탐사대] 사료값만 한 달에 400만 원! 비둘기떼 먹이 주는 여자 #엠뚜루마뚜루 #엠트루 MBC220707방송,jpmYVNeLpjA,UCiwQRG2sCcfjKkgxMEdJGPg,648449,2030000
"길거리 무법자, 비둘기를 사로잡는 법(576회)",4sDNca4ECIM,UCYZv9v_bwfMGc64gLRe34OA,30209,1730000
우리가 새끼 비둘기를 본 적 없는 이유 #shorts,W0V_fQa9p0Q,UCtJpqaQ0XAmX5uYZ48crOdQ,1818411,456000
비둘기 리뷰,CvcWi51yt-U,UCzQyugvPXLhvWZLes68cZjA,660350,314000
비둘기 지능,1deqvSxCb_A,UCzQyugvPXLhvWZLes68cZjA,1040252,314000
비둘기 Dove,MldpFqikyTA,UCRU0hoqPi-bqE7KVqI0REDg,135146,5970
[실화Pick] 그녀는 왜 비둘기 엄마가 되었나? #실화탐사대 #실화On MBC220707방송,FvrqRt0UbN8,UC0imORt231LWWyyotvE3lUw,215228,646000
꼭 안비키는 비둘기들 있음,oCixpr-9c5I,UC_aa6WtYFS_WnYiIiLR8gLA,190469,927
비둘기에는 세균이 진짜 많을까? 실험맨이 직접 잡아봤습니다. Are pigeons really full of germs?,rYaACHDiQoU,UCAhKKbDO9-ymWZ_7iAFLBQQ,2513261,1210000
비둘기 밥 먹는 속도,re82F3qqDEg,UCzQyugvPXLhvWZLes68cZjA,238092,314000
닭둘기 잡기,FyBINmC3DBQ,UCzQyugvPXLhvWZLes68cZjA,101962,314000
비둘기를 손으로 잡는다고??!!!!!!!!!,Ecc3_BF3Rv0,UCYACixxri8vQLQ6BSriQehw,444895,1120000
비둘기랑 엘리베이터 탄 만화,uQ1wVGWsaK0,UCR1FcgQRu2fO70ZjzgmfzBw,495562,423000
"비둘기의 하루: 똥싸기, 번식, 사람 음식 뺏어먹기(?) - 비둘기 시뮬레이터 - 겜브링(GGAMBRING)",UqeBM5xW1rY,UCSOeJWyByeoBHpmrm0NnlLw,877931,1340000
이세계아이돌 (ISEGYE IDOL) - KIDDING (키딩) Official MV,rDFUl2mHIW4,UCzh4yY8rl38knH33XpNqXbQ,3083141,573000
이세계아이돌 (ISEGYE IDOL) - LOCKDOWN (락다운) Official MV (마법소녀 이세계아이돌 웹툰 OST),QgMFpuos4Rg,UCzh4yY8rl38knH33XpNqXbQ,5371568,573000
이세계아이돌 (ISEGYE IDOL) - 리와인드 (RE:WIND) Official MV,fgSXAKsq-Vo,UCzh4yY8rl38knH33XpNqXbQ,16583280,573000
이세계아이돌 (ISEGYE IDOL) - Another World (어나더 월드) Official MV (차원을넘어 이세계아이돌 웹툰 OST),8KTFf2X-ago,UCzh4yY8rl38knH33XpNqXbQ,1768216,573000
이세계아이돌 NEWS,THxhxKwXEQo,UCzh4yY8rl38knH33XpNqXbQ,387841,573000
[이세계아이돌 KIDDING] 안무실 연습 장면 공개 - Dance practice,QLabzK9TKF8,UCzh4yY8rl38knH33XpNqXbQ,483974,573000
세구 너 하고싶은대로 해!,Rs2sUXtYIfo,UC-S9NE-xzcBpxOFSvsmOzAA,12934,67300
ISEGYEIDOL (이세계 아이돌) LOCKDOWN 락다운 가사( Webtoon OST) Color Coded Lyrics [Han|Rom|Eng]|PinkyPeachy,nZuwHZP2iLQ,UCpRwrJpKdB5ss9IQFf5-vAQ,342581,3230
ISEGYE IDOL (이세계아이돌 ) KIDDING Lyrics (이세계아이돌 키딩 가사)  Color Coded Lyrics [Han|Rom|Eng],HxLtCmV4uws,UCpRwrJpKdB5ss9IQFf5-vAQ,70262,3230
이세계아이돌 고세구가 인기많은 이유,DosxJcLegKI,UCfrO3ZMC-rOThB-NSxfGjTQ,164104,16100
이세계아이돌 - KIDDING (키딩) 최초공개 이모팬 찐반응 및 리뷰 | 이세돌3집,m52ajPGde7I,UCYk95JQsXbgk5Vto4MvRh2g,70942,10200
이세계아이돌 업적 모음 50가지,nnPDwnkSbHA,UCH5FFlQQyA6-TDsnjd7amHw,133872,86
이세돌 키딩 작곡가들 음악감상회,68dCRCx12Xw,UCUYJ2ZTHq1GKOoam-r_SL1w,175776,11500
네..? 2D 아이돌이요? 작곡가의 관점에서 본 이세계아이돌 (ISEGYE IDOL) - LOCKDOWN 리뷰! [미친감성] 미디 작곡 보컬 Kpop 케이팝,T0Ft0zpNBVM,UC6nxfRgvAEcUPxQxsvF6lzw,194681,122000
이세계아이돌 - &#39;KIDDING&#39; (Dance performance video in 이세계 홈파티),7NZ3Xd9R-y8,UC8dEJs2kpS5x2vI1X7aaUhA,55334,73200
이세계아이돌 - KIDDING / Concept Trailer,sGRkce9TLQk,UCzh4yY8rl38knH33XpNqXbQ,357272,573000
[비챤 반응] 우왁굳 - KIDDING (키딩) (이세돌 3집) [왁컬로이드 COVER],f6tvtw-bxcs,UC13e8aTlwobltQ1Bw-8Hs6A,33056,2050
"무슨 버튜버가 노래를 이렇게 잘해..? &quot;아이네&quot; , 9가지❗털어드림❗",QE3rt6DrYHM,UCfrO3ZMC-rOThB-NSxfGjTQ,161605,16100
LOCKDOWN 이세계아이돌 같이보기 반응,WBXiO_Or4Do,UCzh4yY8rl38knH33XpNqXbQ,465496,573000
LOVE DIVE 이세계아이돌 COVER - [IVE(아이브) - 러브다이브] (isegye idol),Brf3LWwNVTk,UCzh4yY8rl38knH33XpNqXbQ,4204868,573000
3집 KIDDING(키딩) 유출했었습니다...,y-fDwU6qYL4,UCSSPlgcyDA5eoN3hrkXpvHg,124967,63900
이세계아이돌 티케팅 체험 #Shorts  #이세계아이돌 #징버거,O8hniVYMqXo,UCHE7GBQVtdh-c1m3tjFdevQ,46046,309000
[MV] GIRL&#39;S DAY(걸스데이) - Darling(달링)｜Cover by 주르르,7sFIjj5BW3M,UCTifMx1ONpElK5x6B4ng8eg,715315,258000
"이세계아이돌 LOCKDOWN 댄스 퍼포먼스 🎵🔥 (아이네, 징버거, 주르르)",vUifbRzKueI,UCzh4yY8rl38knH33XpNqXbQ,405275,573000
왁타버스 WAKTAVERSE,0qfXPIBFyHA,UCzh4yY8rl38knH33XpNqXbQ,929,573000
1시간 / 이세계아이돌 - KIDDING [KIDDING] / 가사 Audio Lyrics,sHfYCrogTk0,UCWN4d3yytRye4nEDPw_bPjA,17713,5730
소속아이돌을 못 알아보는 사장님,ai_-PLt1jc8,UC8dEJs2kpS5x2vI1X7aaUhA,53513,73200
버거땅의 과거 - 이세돌 핫클립,sTvR9rY53Ao,UCzh4yY8rl38knH33XpNqXbQ,253212,573000
세구야!!!세구야아니제?세구야?세구야정신차리바라!세구야!니진짜아니제?세구야에바야진짜빨리일어나~나진짜너무재밌었어이세상이..장난그만치고빨리일어나아~세구야아아아!!!!!나는심장이없어~,J0SGmdfdsCM,UCZOcwheypMvYN_J2oRBgt2A,150722,186000
이네 언니 고통받는게 왜 이렇게 즐겁지?,VMy4SUxAHnA,UCgGvSg2lscdNUx9ZJIBh9FQ,16110,58200
충격받은 고세구 - 이세돌 핫클립,h_dGGxhH6YQ,UCzh4yY8rl38knH33XpNqXbQ,361620,573000
3집 또 유출됐다,tnZfOGQjXw4,UCuJUfqThFp5-k-lrHcO1dFg,96067,67400
이세계아이돌 (ISEGYE IDOL) - KIDDING (키딩) MV 반응,3ud1sr-feDI,UC3DWQjO-mFwQudU3bvKYlKA,43290,440
이세돌이 불법주차에 대응하는 법,umgglBjbQx4,UC-S9NE-xzcBpxOFSvsmOzAA,58488,67300
[마법소녀 이세계아이돌] 웹툰 9화 BGM,LrVYuOXt0qs,UCzh4yY8rl38knH33XpNqXbQ,223260,573000
락다운 보는 유니 - [ 이세계아이돌 (ISEGYE IDOL) - LOCKDOWN (락다운) ],4iykk-vrMjQ,UCf8ARiOyAD4h6JCl_LjzkMg,14209,30
🐱KIDDING 고양이 챌린지ver. (kidding cat challenge) #kiddingchallenge #kidding #이세계아이돌,uF21rqUKxjw,UC-oCJP9t47v7-DmsnmXV38Q,216667,318000
오디션 도중에 엄크 뜸 ㅋㅋㅋㅋㅋㅋㅋㅋㅋㅋㅋㅋㅋ- 이세계 아이돌 Ep.1,NRIrKdOeZzU,UCBkyj16n2snkRg1BAzpovXQ,1717842,1560000
이세돌 노래 플레이리스트(이세계 아이돌),0qfXPIBFyHA,UCt9tO08tydJcNlESt-Ivt_Q,929,71
ISEGYE IDOL : MUSIC,0qfXPIBFyHA,UCzh4yY8rl38knH33XpNqXbQ,929,573000
[이세계아이돌 5집 탈락곡] - What&#39;s your color?,HDEBjqw7zIo,UCsHSbbaKWJCQqmQx6fvRCsw,26674,2190
[2023-08-18] 이세계아이돌 3집 &#39;KIDDING&#39; 공개 / 비챤의 다시보기,9o9m1yB3eB0,UCk2vPN7LATiMz_r8VUiA0KQ,8650,37900
이세돌 - 어나더 월드 (차원을 넘어 이세계 아이돌 OST) 반응,TJpbuQyIpEA,UCE5GnTY5CYzQCyiY8yhz6nw,12183,1910
1년 반만에 나온 한국형 버튜버 신곡 #Shorts,aSWVYiDT1Vg,UCzh4yY8rl38knH33XpNqXbQ,467476,573000
이세계아이돌 (ISEGYE IDOL) - LOCKDOWN (락다운) | 메르헨 Marchen,hzNN410Gs40,UCHd8_b8WMdCeqlBau9VSMeQ,5803,4590
"멜론 상위 0.001% 찍은 버츄얼 아이돌 고세구, 7가지❗털어드림❗",WX36e8WZUwE,UCfrO3ZMC-rOThB-NSxfGjTQ,66955,16100
이세계 아이돌 - Lockdown | Cover by 한결 X 쿠모,KqFCF0lwMYE,UCluZa5CRH783-eU22_N7f7w,48598,28700
국내 최초 버츄얼 걸그룹 &#39;이세계 아이돌&#39;에 대한 32가지 재미있는 사실,Zle12nJdbKU,UClDw90IzafX9g7u7MdMI4Ow,904186,103000
[이세계아이돌 - 키딩 ]안무는 채택안되어도 나는 노래를 1년먼저 들었지롱,Ppl3ao7KaZs,UCPxVw7yHoXXCvz525qlEAmw,52848,355
[2023.08.18 / 이세계 아이돌 3집 : KIDDING 공개] - 주르르 다시보기,FD5APOxuOzo,UCo28fS0LmlcyPcKItrZMPiQ,7754,31700
이세계아이돌 (ISEGYE IDOL) - KIDDING (키딩) Official MV,rDFUl2mHIW4,UCzh4yY8rl38knH33XpNqXbQ,3083141,573000
이세계아이돌 (ISEGYE IDOL) - LOCKDOWN (락다운) Official MV (마법소녀 이세계아이돌 웹툰 OST),QgMFpuos4Rg,UCzh4yY8rl38knH33XpNqXbQ,5371568,573000
이세계아이돌 (ISEGYE IDOL) - 리와인드 (RE:WIND) Official MV,fgSXAKsq-Vo,UCzh4yY8rl38knH33XpNqXbQ,16583280,573000
버거땅의 과거 - 이세돌 핫클립,sTvR9rY53Ao,UCzh4yY8rl38knH33XpNqXbQ,253212,573000
[이세계아이돌 KIDDING] 안무실 연습 장면 공개 - Dance practice,QLabzK9TKF8,UCzh4yY8rl38knH33XpNqXbQ,483974,573000
하..하쥐마... - 마니또 이세돌 합방,wRG0ljKFXr4,UCroM00J2ahCN6k-0-oAiDxg,212222,324000
이세돌 키딩 작곡가들 음악감상회,68dCRCx12Xw,UCUYJ2ZTHq1GKOoam-r_SL1w,175776,11500
세구야!!!세구야아니제?세구야?세구야정신차리바라!세구야!니진짜아니제?세구야에바야진짜빨리일어나~나진짜너무재밌었어이세상이..장난그만치고빨리일어나아~세구야아아아!!!!!나는심장이없어~,J0SGmdfdsCM,UCZOcwheypMvYN_J2oRBgt2A,150722,186000
[FULL cover] 이세계아이돌(ISEGYE IDOL) - KIDDING(키딩) | DANCE COVER 🌱,PoLOgkEYVUI,UCD0yaYhfO5t8TSVp3Z0KCWA,388,2
충격받은 고세구 - 이세돌 핫클립,h_dGGxhH6YQ,UCzh4yY8rl38knH33XpNqXbQ,361620,573000
이세계아이돌 (ISEGYE IDOL) - Another World (어나더 월드) Official MV (차원을넘어 이세계아이돌 웹툰 OST),8KTFf2X-ago,UCzh4yY8rl38knH33XpNqXbQ,1768216,573000
전세계에 생중계된 이세돌? - 핫클립,MURT8TIjXu0,UCTifMx1ONpElK5x6B4ng8eg,141146,258000
이세돌 엄크모음,A3Fqk0LTHkE,UCzh4yY8rl38knH33XpNqXbQ,329800,573000
르르야? 르르야? 르.. 르르야? 르르? 르..,J2gUyyBQbZM,UCZOcwheypMvYN_J2oRBgt2A,97050,186000
이세돌 24시간 릴레이 방송 공약 비하인드,E_Cuea7Trvk,UCSSPlgcyDA5eoN3hrkXpvHg,25057,63900
이세돌 노래 모음,0qfXPIBFyHA,UCMt0VYT2L5QO_X1OJlO0c-g,929,6
3집 또 유출됐다,tnZfOGQjXw4,UCuJUfqThFp5-k-lrHcO1dFg,96067,67400
이세돌 은퇴이후의 인생ㅣ바둑시합 생각있다ㅣ리쉬안하오 의혹ㅣ신진서의 바둑ㅣ인공지능의 현재와 미래,GemKQUF71D8,UCfC7lLfshm-GGKengvBm_HQ,415674,124000
이세돌 실물 유출?!?!,LjBhZz_mYZ8,UC8dEJs2kpS5x2vI1X7aaUhA,50306,73200
이세계아이돌 NEWS,THxhxKwXEQo,UCzh4yY8rl38knH33XpNqXbQ,387841,573000
[LIVE] 이세돌 신곡 키딩 최초 시청 및 CG 분석,HT31SE0r07s,UCl4SM5lq--jqqI2u1z8Gfng,33983,33500
남탕의 비밀을 들은 이세돌 전원 비명,zzdmborRBVY,UCzh4yY8rl38knH33XpNqXbQ,216044,573000
고머님의 3집 축하 말씀,nfaho2DIHBg,UCSSPlgcyDA5eoN3hrkXpvHg,23723,63900
살인마에게 쫓기는 4가지 유형 - 이세돌 합방,TAY4KGuAcWg,UCHE7GBQVtdh-c1m3tjFdevQ,266536,309000
1시간 / 이세계아이돌 - KIDDING [KIDDING] / 가사 Audio Lyrics,sHfYCrogTk0,UCWN4d3yytRye4nEDPw_bPjA,17713,5730
이세돌 석기시대 만화,mvCEFSe3wX0,UCroM00J2ahCN6k-0-oAiDxg,567190,324000
이세계아이돌 - KIDDING / Concept Trailer,sGRkce9TLQk,UCzh4yY8rl38knH33XpNqXbQ,357272,573000
20230817 이세돌 합방 여름캠프(담력시험) - 아이네 다시보기,id2dFePaTlY,UCBF6nBTgFN_xzrLMF9eiRhw,166361,64300
상남자 쿠울가이 캘리칼리,Wd0_3bdLcbs,UCgGvSg2lscdNUx9ZJIBh9FQ,49256,58200
[MV] GIRL&#39;S DAY(걸스데이) - Darling(달링)｜Cover by 주르르,7sFIjj5BW3M,UCTifMx1ONpElK5x6B4ng8eg,715315,258000
이세계아이돌 - KIDDING (키딩) 최초공개 이모팬 찐반응 및 리뷰 | 이세돌3집,m52ajPGde7I,UCYk95JQsXbgk5Vto4MvRh2g,70942,10200
후욱후욱.... 챠니챠니 뀽....,kF70HglEWrc,UCuJUfqThFp5-k-lrHcO1dFg,62071,67400
"무슨 버튜버가 노래를 이렇게 잘해..? &quot;아이네&quot; , 9가지❗털어드림❗",QE3rt6DrYHM,UCfrO3ZMC-rOThB-NSxfGjTQ,161605,16100
3집 KIDDING(키딩) 유출했었습니다...,y-fDwU6qYL4,UCSSPlgcyDA5eoN3hrkXpvHg,124967,63900
전세계 버튜버 3위 비챤?? - 이세돌 핫클립,qPglE-1VV1o,UCzh4yY8rl38knH33XpNqXbQ,378217,573000
세구세구야 그게 무슨 소리니...,zT3f_CxYIak,UCHE7GBQVtdh-c1m3tjFdevQ,386270,309000
20230820 이세돌 합방 와글와글 이세계 홈파티 - 아이네 다시보기,fO7ic3pst3s,UCBF6nBTgFN_xzrLMF9eiRhw,54236,64300
이세돌 2기 소식에 울어버리는 세구,h1R2UYHcfHE,UCSSPlgcyDA5eoN3hrkXpvHg,238197,63900
이세돌 던지기 1분 전~ 2억짜리 붙임 한방으로 기적의 대역전! [제8회 춘란배 결승 1국 이세돌 VS 씨에허 2011-06-27] #바둑 #이세돌 #묘수,7xFqqe9W5Ro,UCbAfHHpUnzMpaSob0CtDxaQ,203934,34500
이세돌 단체 고먹금,xgrMdNzyV8I,UCSSPlgcyDA5eoN3hrkXpvHg,17393,63900
여고생들의 이세돌 최애는?,j9nqCWOlgUI,UCuJUfqThFp5-k-lrHcO1dFg,66434,67400
[MV] 자다깨니 야자수 (寝起きヤシの木)｜Cover by 고세구,xdvDs1Jgp6k,UCV9WL7sW6_KjanYkUUaIDfQ,336679,308000
누워서 회의듣다가 걸린 썰  -이세돌 핫클립,ciUsvQmgv88,UCV9WL7sW6_KjanYkUUaIDfQ,244862,308000
[230817] 3집 출시 기념 이세돌 담력시험 - 릴파 다시보기,CJDzZg4PImo,UCp_jHNjcoiXC7SlElrBmzBA,46202,40800
마라탕이 맛없는 비챤 - 이세돌 핫클립,6z-ImTpUz48,UCzh4yY8rl38knH33XpNqXbQ,343033,573000
친구야 그게 무슨소리니,PJgJKi_A1N8,UCuJUfqThFp5-k-lrHcO1dFg,47564,67400
평행세계 이세돌 2화 (아이네 더빙),FyfPGl89Lq8,UCmHltryGykfakS-JmaxrNBg,105824,94500
"이세계아이돌 KIDDING(키딩) 반응, 멜론 6위!!!",Q2sHXce3OBU,UC2816e5Cw0QzkZxwWCkjlYA,24520,1060
코로나가 쓰러지지 않아🤒💊,263Vrd6kUBc,UCHE7GBQVtdh-c1m3tjFdevQ,110388,309000
이세돌 키딩을 들은 뢴트님과 남도형 찐반응,sG9MmJiCku0,UCwGS2W6UD4dJJU4IK2wyxvw,105092,345000
"🌞 원곡자가 안불러도 듣기 좋은 명곡 (슈가맨, 커버곡)  1️⃣첫번째45곡  | 가사(Korean Lyrics) | 타임라인 | 고음질 | 일할때 | 슈가맨 | 커버곡",QgZ20MD7g14,UCWh_sIfEB4S5mIek9lWnQlQ,30748,54200
[Playlist] 원곡자도 들어봐야하는 가수들의 다른가수 커버곡 모음 (10songs),M1874oSZjzI,UCuIGdz5ZDIPqYpa8knKvJfw,154978,7760
[미공개맛집🥄] 조회수 100만뷰 레전드 커버곡... 원래 제 노래입니다...✨ | 8호가수 | 임세준 | 오늘은 가지마 | 싱어게인2,Y5OuXhQX-28,UCYA-fzZNzkKq7GcFs6LpBuQ,6541384,146000
최신 리메이크 노래모음 광고없음,GAnQztMAp04,UC7KMk_qFQhcLF-8uftqwB9Q,116673,64100
♬원곡만큼 귀에 꽂히는 리메이크커버곡 노래모음 ♥듣기좋은 노래추천,oqfQimDBMBU,UCZz2n185_mp0wJ9WgJvWhOw,483834,35600
[Cover] 스토커 (10cm) l Sung by CHA EUN-WOO,fTBC8lSZwqk,UC3917z86gdSnaQ59L6Cj05w,2743211,1090000
👏 리메이크(REMAKE) 134곡  | 가사(Korean Lyrics) | 타임라인 | 고음질 | 일할때,qZmhtXUGJGI,UCWh_sIfEB4S5mIek9lWnQlQ,632637,54200
🎶 [𝑷𝒍𝒂𝒚𝒍𝒊𝒔𝒕] 원곡보다 좋은 리메이크 노래 모음 [2시간 연속듣기],HhvQHoqahLg,UC4t3fj_Yap_g5vMeM8_z-eA,1183597,4320
콩순이맘 시간여행 유친분들의 커버곡 음악방송~23,ZDBBZ8tU1J0,UC8lpw4WV5pBGoL3R1mlWksg,196,2740
헤어지자 말해요 - 박재정 ( cover by 유이설 ),Q5vXpD6nVDU,UCeQruZaUZeO8wvhUnC8HiCQ,213003,19300
커버곡 레전드 모음,0qfXPIBFyHA,UC8YEkn7kTAdq_rq3THaYNyA,929,2
[Playlist] 원곡만큼 좋았던 리메이크 곡들 모음 | 리메이크 플레이리스트,Fl5commtWe8,UCqdrGUV8RoarNb5nx-thD5A,951208,2890
💿 December DK(디셈버) cover songs 커버 곡 모음 1시간 | Playlist,e6aQptFvpjU,UCyUkZtIFRlineOeWzc3DUrg,33930,325
Cover | TAEIL – 한 페이지가 될 수 있게 (Time of Our Life) (DAY6),RZsGuzF6uu8,UC0rvHJXEru3q7WXyw482VFQ,1013380,242000
[COVER] 도겸 - ベテルギウス (Betelgeuse) (원곡 : 優里),v9lZPRg71Tk,UCfkXDY7vwkcJ8ddFGz8KusA,6242044,10100000
🎵PLAVE PlayList🎵 플레이브 멤들이 올려줬던 커버곡 모음 플리3,2uzmle7ZVGU,UCkB_poGJ-uQFG8Ek6pKS3Cw,55571,7920
109개 넘는 커버곡 중 가장 기억에 남았다··· 권진아의 뉴진스 &#39;Ditto&#39; 커버! [더 시즌즈-박재범의 드라이브] | KBS 230312 방송,tZjehK2Zwy8,UCeLPm9yH_a_QH8n6445G-Ow,499551,8100000
[4K] 허찬미 - 모래알갱이ㅣ임영웅 커버곡(Cover by 찬미),a83-_fGaP38,UCPj6hqvsYnc_lee2ESHVYow,21293,1980
[COVER] 호시 - 아픈 길 (원곡 : DAY6),3Wcw9G_-dVc,UCfkXDY7vwkcJ8ddFGz8KusA,2115514,10100000
[성시경 노래] 54. 아로하(With.이재훈) l Sung Si Kyung Music,4jheco225wI,UCl23-Cci_SMqyGXE1T_LYUg,2445741,1510000
(커버곡) 그집앞-이재성#불금을재미있게보네는방법 #그집앞 #이재성,i3RmNt56jzc,UC4IIQooigqZNZLex2YV4yHg,1880,22700
[𝑷𝒍𝒂𝒚𝒍𝒊𝒔𝒕] 원곡도 좋지만 리메이크곡도 넘나 좋아 #1 ㅣ리메이크 &amp; 커버 플레이리스트📼,91SAR7UySxE,UCbBvSuD8zzdnZm93EfHHqPA,233012,10400
(여자)아이들((G)I-DLE) - &#39;퀸카 (Queencard)&#39; cover by 새송｜SAESONG,EQ8NXLLU_wE,UCyvqwwpQYUHfQhm6g4UHRsQ,313785,2880000
듣기좋은 커버곡 팝송 🌸 감미로운 어쿠스틱팝송 🌸 Acoustic Pop Songs,f9yv84g8Z4g,UCZrNZZ5jr3ZyfKuSjUXw44g,18206,36300
로이킴(Roy Kim) 커버곡 모음 2023 업데이트 버전 노래모음 듣기,jzkotMkBZhU,UCifRP0KYT2rpqOJEqTyEDGA,55362,666
🎶 잔잔한 리메이크 노래모음,XNAd-BYXpxs,UCHeuHZatsFMMsFi_mG-gKZA,2233456,157000
헤어지자 말해요 (박재정) - 임한별,FhVhxtgXdAA,UCraWp23RO7wBq5S2Yifhz5w,1050022,304000
아이돌 (YOASOBI) / 아야츠노 유니 Cover,ZL5m1EDh-z8,UClbYIn9LDbbFZ9w2shX3K0g,202540,141000
"원곡 잡아먹은 레전드 커버곡 | 이문세, 김광석, 조용필, SG워너비, 이소라, 블랙핑크, 이하이, 엑소, 이적, 들국화, 심수봉, 유재하, 시나위 등",Lvl3jyQPC6c,UCYA-fzZNzkKq7GcFs6LpBuQ,92584,146000
IVE(아이브) - &#39;I AM&#39; cover by 새송｜SAESONG,g1q8_-VC6WY,UCyvqwwpQYUHfQhm6g4UHRsQ,346537,2880000
전 보컬그룹의 클래스..✨ 라도가 부르는 빅뱅의 IF YOU♪ 👏👏👏 [홍김동전] | KBS 230511 방송,dD13-GgZZog,UCK1sVuXaDvJeNwl9noN5nOA,2581413,5230000
『Cover』DAY6 - 한 페이지가 될 수 있게 by.감제이,wzsFu8WSDXI,UCbL1ccbdjSD2c4itQWAw5mg,323572,57600
[COVER] 노아 - ベテルギウス (Betelgeuse) (원곡 : 優里 (Yuuri)) (Covered by Noah)｜#플레이브 #PLAVE,jDQ4-C4AHmA,UCPZIPuQPrfrUG9Xe_okEmQA,1320606,408000
이보람 커버 곡 모음 || 이보람 노래모음 🎶 바라만 본다 / My Way  - 이수 / 미친 사랑의 노래 - 씨야 / You - 김상민 / 비가 오는 날엔 - 비스트,gAf7Zj6SkBM,UCb-j1QAXYJ2aKUZV3o61zYg,272985,21200
이보람 커버 곡 모음 || 이보람 노래모음 🎶 바라만 본다 / My Way - 이수 / 미친 사랑의 노래 - 씨야 / You - 김상민 / 비가 오는 날엔 - 비스트,zXT7UQ1EF7Y,UCi4-QM0pI6Won0rLBhVVULA,850175,8040
고양이가 부르는 BTS (방탄소년단) &#39;Butter&#39; 고양이 최초 커버곡 (cover by Benny),YZd5JwYdXLw,UCgeHDGNAxySBHWaFw27JMjA,69181,768000
[커버곡] BLACKPINK medley | Cover,NSJLoV3jgnM,UC6H_3Rv-q8Z23jtMofgPGsw,209866,20900
˚ෆ*₊ 내가 들으려고 만든 이석훈 커버곡 모음 ₊*ෆ˚,mlNdgDr5DX0,UCpQBWU5Vgq6thKwMdN0LyDg,1447935,3320
LADY - Kenshi Yonezu (요네즈 켄시) cover by LILPA,crvPldgKJIo,UC-oCJP9t47v7-DmsnmXV38Q,4423694,318000
[COVER] 승관 - Love poem (원곡 : 아이유),cmX5Oyag2UE,UCfkXDY7vwkcJ8ddFGz8KusA,4385973,10100000
🔥다가갈수록 미워지니까🔥 7명이 부르는 어디에도 | 원곡vs커버곡 |,9_RUTLvHvsI,UCsbROX3ueGQHNvrsAdMRf5w,2110337,4400
[COVER]  이날 커버곡 영상 더 찍었는데 몰랐쬬?ㅋㅋㅋ (다시 사랑한다면 - 도원경) |  홍진영 쌈바홍 HONGJINYOUNG SSAMBAHONG,4ZRGo3P_oRw,UCnXuSso6ypX2NVrl8_2TwfQ,1497189,506000
[골라봐야지] ＂역대 내 노래 커버곡 중 최고야.＂ 말리꽃 부르는 정홍일은 못 참지.. 美친 헤비메탈 정홍일 가창력 모음｜유명가수전｜JTBC 210430 방송 외,mS0vEd4Mh_U,UCF3UEVPt5zZTlBVJwDG317g,2900940,3790000
PLAYLIST | George(죠지) 커버곡 모음✨🌵,BCmVvT2ySUc,UCnXQaAuFwRdmX6pGPiLu4TQ,377426,1070
모아들이 뽑은 태현이 커버곡 TOP7,PVkYN3dyPyY,UCQfegQl3KAiQLDZKjwfotng,14599,1290
[COVER] 승관 - 너를 그리는 시간 (원곡 : 태연),8ChktZQ6Ir8,UCfkXDY7vwkcJ8ddFGz8KusA,1935843,10100000
Lee Seung Gi - 천년의 사랑 [cover],mB37g7BGb7I,UCTW3AUKPwj1tiIwaAi_DJPw,269262,181000
🎤[Live] 사건의 지평선 cover-정은지 (원곡.윤하) +1key UP,ziMvGgq8FQc,UCHTZl9wrDAV45L8IPS7ZYzg,940518,449000
대체불가 음색깡패 장범준 커버곡 노래 모음 ( Jang Beom June - Best Cover Songs 23 ),KV5xCWgDiZs,UCjPHuF40fFPoxZ1dfuZ3Zlw,1556255,51500
최초공개) 박효신AI가 부르는 &quot;거리에서&quot;  (가사/고퀄) | AI커버,Pno0vMuE7T8,UCVbmWwkraO1PBpggmtp0fvg,253672,38400
장산하,0qfXPIBFyHA,UCjPrCmN2NnlFZOonqgXkejA,929,71
일진 창법 VS 찐따 창법ㅋㅋㅋ (사건의 지평선),uUyFYfl5_RQ,UCPd2VrGLDguFs9AckozHtrA,898746,158000
그림만 그리면 욕먹는 스트리머,Mxfc4ulPuDs,UCjPrCmN2NnlFZOonqgXkejA,2112,71
[AI 고프로] Lemon 트위치 스트리머 고프로 ai 커버,Y29JGxfZJVw,UCuZHI_qipXBrkZf-jRmiTGA,12,9
SNS에 잘생긴 남자가 많은 이유는? #shorts,mMqRQ9qDNRU,UCPjAId8E7VEwiWTd7RPbuFw,893810,93300
유튜버vs트위치vs아프리카 최후11인 엑기스 모음🎶스트리머노래대전,nuA8KJEKUwI,UCPJmHR4CG_lRuVwKCo0kjjg,490763,2280000
띵띵땅땅 맛깔나게 추기 #신동 [#슈트리머],BB1aROe908k,UCj28FvPyq8pBOM-fSH-M_uQ,617556,1320000
팬티로 머리 묶기,Rfo1OVX9hQg,UCSqcL3YCW1CY_VgVeNeBQVg,234202,642
"[일소라] 일반인 푸른산하,슬로우비타 - Never ending story (부활) cover",hCQ4RuBsfvg,UCAbd8xHBGObktNG6F4GeChA,137176,1040000
"전소민, 댄싱머신 남자 경호원 본격 춤사위에 놀라움 가득",Za5ZFZV9T1g,UCaKod3X1Tn4c7Ci0iUKcvzQ,1223754,3100000
살 좀 쪘지만 여전히 잘생긴 유전자 청년,eB6Ge9eoHgU,UCgC-hF7y9bNwH_531_O6Z2w,1914785,310000
모르는 아버님 앞에서 띵띵땅땅,tUC7mhgJ49k,UCFkAwpvztBaAEzwyDimpDiA,4061479,246000
💥충격💥 #문빈_산하 🔔띵띵땅땅🔔챌린지 실존 #MOONBIN_SANHA #아스트로 #ASTRO #DIFFUSION,uBcMx5FpfZc,UCZqY2yIsAM9wh3vvMwKd27g,34860731,5220000
엔믹스 이 친구 안 불러?(원본) __junwonlee__ 인스타 입니다! #엔믹스 #nmixx #배이 #설윤 #한림예고,PxHGgwut8MQ,UCb0poxMnke_5ysQ_1jj84lg,3632519,2950
보는 사람도 흥 올라버리는 &#39;사건의 지평선&#39; 커버,543vHqP7vVI,UC3ZcWSyMKtcK6RatRfyECmw,2238808,17000
일반인,0qfXPIBFyHA,UCpNEcjDTlUbJLqmy3bDRL_g,929,47
박효신 - 사건의 지평선 │ 윤하 원곡 │ Park Hyo-shin (AI voice cover),4aVP5QFCP1U,UCGaB_oRUgPegIG_FEXjxCGQ,159251,5090
[아이리 칸나] 유우리(優里)  - 베텔기우스(ベテルギウス) 커버 COVER,p-JVSiONgYY,UCXtgjc8axLaKCcZujFFc6dA,389850,1040
레이 삑사리에 웃참실패 댕댕이 ㅋㅋ,6b8Kf1RkKTU,UCztBOq4MwEnSxATT3p7ARaQ,3953834,43200
결혼식 찬조 공연 레전드 영상 (ft. 원조 틱톡커 황철순) #shorts,OXKguA5Arjc,UCfZ5Coe04Ylb7nD8pzm080Q,42729913,87300
사건의 지평선 원조 맛집ㄷㄷ,5qYMCDaWIy8,UCKExoOZ03h6493Hiba-zh8g,7193361,17900
[스트리머노래대전 결승3부]🔊관객 모두 기립박수친 최종 결승무대,n0lbnqyefZw,UCPJmHR4CG_lRuVwKCo0kjjg,314344,2280000
띵띵땅땅 장인들✌🏻⭐️#seetình #shorts #띵띵땅땅,nxe8N1aClgI,UCRZE28OKRWxCWk-gx0yY9tA,254402,54300
안유진 입수,EixQenymzMs,UCicKcyZVTu-ITXTIMzKj_UQ,10501389,107000
【 지누AI 】 너 사용법 - 에디킴 | AI Cover,uMfap4VKSog,UChLPRoBo3VGe4UJUKWbU4xg,2060,2060
&#39; [던파OST] 마지막 재회 - cover by LILPA &amp; Roentgenium Reaction 리액션🎬,mBHWoBQ7SP0,UCbs5PGhSSkpxg1Ak0MIAESw,407574,67500
🔥혜다 사지평 +7키 성공하고 첫승?!!🔥사건의 지평선 키업 레전드!!!,-U-npSRDGbE,UCrZpcsm1OVzHRJswMxJ2lzg,2809816,785000
일반인,0qfXPIBFyHA,UCSLBFAipk-Nce-IQIZWPElA,929,1040
MC도 결국 눈물을 보이고만 역대급 안예은의 상사화 커버,SzEBCMGRD1w,UCPJmHR4CG_lRuVwKCo0kjjg,143644,2280000
요즘유행하는 띵띵땅땅챌린지,m3YJRB6T-Tk,UCNPTaH0_Q6GzBGuAYeynn0w,508555,183000
이딴게 버츄얼30문답 #shorts,K31KuWiImWs,UCbL1ccbdjSD2c4itQWAw5mg,1962628,57600
일반인이 부른 더 크로스 - Don&#39;t Cry,wkmr2CkpB5Y,UCzy1J6u9MbyzgHi3uEMDFJw,3036932,1010
"유튜버,트위치,아프리카tv 스트리머 분들 꼭 봐주세요...!! 중대발표",IZzXDzIP8MI,UCPJmHR4CG_lRuVwKCo0kjjg,40989,2280000
베트남 도자캣???🔥틱톡에서 엄청 핫했던 띵띵땅땅 그 노래🔥 | [ 가사 / 번역 ] | Hoàng Thuỳ Linh - See Tình,fGSNmwQc-os,UCkyHfKO4_7ucHo0v_uXPbmg,1264031,5600
띵띵땅땅 모아보기 ding ding dang dang,MNMnir78mgU,UCsJlfJkpw4oUmWirQitcXtA,1432432,114000
(완) 안타까운 나이에 하늘의 별이된 스타 52인,UfJHoJvDuV4,UCuIUDtVjdgsqINKEKVy84HQ,2887658,27200
히든싱어 나가셔도 될듯..ㄷㄷㄷ #shorts,ZV0XmcQ5gV8,UC9E9Ut3e7lJZiL3qQJPNU_Q,2470824,125000
일반인,0qfXPIBFyHA,UCTojLpxauDu3mLMCK4kwr7Q,929,250
2022 올해 한번쯤은 들어봤을 베트남 노래,kcr7yjPv0Ys,UCwhUCt2Xt1j2snLXh19iUKQ,7798405,111000
유재석 VS 차은우 당신의 선택은?,KANDhla3v4k,UCJmcPVY4dC0e3L5_eemKtlg,4210131,661000
일반인,0qfXPIBFyHA,UC3ElwoNWxIO9RvZkQqOABJA,929,120
이세계아이돌 (ISEGYE IDOL) - LOCKDOWN (락다운) Official MV (마법소녀 이세계아이돌 웹툰 OST),QgMFpuos4Rg,UCzh4yY8rl38knH33XpNqXbQ,5371568,573000
커버 장인??ㄷㄷ #shorts #사건의지평선 #노래커버,3KB43JqYyOs,UCn7GUTM685pET7TZ8rPdCdg,4715698,7550
게임 방송 2개월 차 피지컬,R7RylqkcKa8,UCjPrCmN2NnlFZOonqgXkejA,3373,71
#shortvideo #dance,wUQPWFLfbCk,UC4x3-ZPmqDNkv8_764kkReg,3014740,195000
일반인,0qfXPIBFyHA,UCTQfKr6KGLyHdgjaqIZJRzQ,929,171
"박혜원(HYNN) - 사건의 지평선, 존박 - Flower｜HUP 노래방",9akBcBkhmyo,UCh21enuxt6axA0nkT6y4J2Q,1753034,137000
일반인,0qfXPIBFyHA,UCCdyKiImT2a6z29Uwo3d-hw,929,12
일반인1,0qfXPIBFyHA,UCElD7tcTCB1ErzBWNzu5KFw,929,39
사건의지평선 작곡가 선넘네;,IzM_vfvl-DU,UCoUd27naZCFqtfB2sBTuV6w,4063571,89600
우왁굳의 게임방송,0qfXPIBFyHA,UCBkyj16n2snkRg1BAzpovXQ,929,1560000
마메게임방송,YS2MpGWAH5s,UCUTlj3gVlvFwZOQyTyV-1Hw,278,59400
실수로 방송 끄는 것을 깜빡한 유튜버에게 벌어진 일,MMRD7e9YpJw,UCsU3fr78Lyzjp2RGLoQIdbw,1425793,853000
억을줘도 근무하고 싶지 않은 미친 회사 - 야간경비,j6OBhrqreao,UCBkyj16n2snkRg1BAzpovXQ,416314,1560000
개인방송으로 성공하는 6가지 확실한 방법들,kT_K9iDcKYc,UCyHvSKT_bLDYpkv1JjjsLAg,146051,493000
인터넷 방송 7년차의 현실적인 이야기,ga_qwbyr1YI,UC46X_E7jxvJ1O_3gnaeCxeg,99768,90100
[생방송 다시보기] 7시 금강선 디렉터 라이브 (타임라인O),CPBiXGz4EJs,UC46X_E7jxvJ1O_3gnaeCxeg,63391,90100
6년 방송인생중 가장 무서운 공포게임,SgSYFroiLm8,UC2NFRq9s2neD_Ml0tPhNC2Q,975214,1750000
[트위치 로지대장] 종합게임방송,2lZ9EfoPllw,UC6UIbI3we_OaceGn7FuIqQQ,144,692
엘든링 - 전세계가 난리 난 바로 그 게임 방송입니닷!!! [대도서관 생방송],7ymsIX0dYgo,UCSHVH_AWVUc-C8-D8mh8W6A,235906,1530000
(소름주의) 방송이 끝난 후...,4AoRqgztPJ4,UC2NFRq9s2neD_Ml0tPhNC2Q,380522,1750000
[대도LIVE] 디아블로4 드루이드 오픈런! Diablo4 Druid 게임방송 (23.06.02 2부),8A0qGsDJ7wU,UCSHVH_AWVUc-C8-D8mh8W6A,134514,1530000
[대도LIVE] 공포게임 야간경비 - 칠라스 아트 신작!! 게임 방송입니다!! (23.06.28),ewqQzlOzl_M,UCSHVH_AWVUc-C8-D8mh8W6A,54492,1530000
남자만 있는 학교에 여학생 전학 시키기,NojHBFBRtbE,UCBkyj16n2snkRg1BAzpovXQ,597447,1560000
눕프핵마을... 위기?!,nUtT4UEFjiw,UCBkyj16n2snkRg1BAzpovXQ,697119,1560000
"저희는 몸 팔아서 게임합니다 [대출 풀 컬렉, 실비리세마라] │ 인생나락특집 1부",wn88-KakOZ8,UCRY0vKmqFmQ4XCJomWMBf-w,334458,323000
멸치유튜버 운동 시키려고 돈으로 패는 시청자들 [링피트],SQnfeps39Is,UC46X_E7jxvJ1O_3gnaeCxeg,48052,90100
[대도LIVE] 스택랜드 - 진짜 이거 열라 재밌어요! 강추강추! 게임 방송입니닷!! (22.10.07),5bGtxCqIz1c,UCSHVH_AWVUc-C8-D8mh8W6A,75592,1530000
게임 설정만 4시간동안 하는 스트리머 - 유로트럭,5VytFjHRyEE,UCBkyj16n2snkRg1BAzpovXQ,3216987,1560000
🕹리리코 게임 방송 합니다…,vUaQWkMpBWc,UCdeYFxl6rvylWFVuBVyufCg,968030,243000
[ 처음 게임방송을 시작 할 때 알아두면 좋은 팁 ] - 【지누】,25xEA6cNjBA,UCJGww2K__Q3y-MtDi0XWH2w,463861,269000
와이프 레이드 고정파티 만난 썰..,dp6KhqA0Ryk,UC46X_E7jxvJ1O_3gnaeCxeg,103403,90100
식인종들이 사는 섬에 떨어졌습니다,xY3HUctHE0E,UCBkyj16n2snkRg1BAzpovXQ,398884,1560000
아르마3 랜덤고지전 감독판 (오리지날 컷 8분 추가),14yqrKUbwRE,UCBkyj16n2snkRg1BAzpovXQ,1296517,1560000
[대도LIVE] 주옥 - 엄청 무섭다는 공포 게임 / 구구덕 - 마피아 게임 방송입니닷!!! (23.08.14),DbWtmcyNyhY,UCSHVH_AWVUc-C8-D8mh8W6A,54455,1530000
[대도LIVE] 백수에서 사장까지 &quot;성공하기 게임&quot; 빅 앰비션스 게임 방송입니다! (23.04.19),trl1l_hTzx4,UCSHVH_AWVUc-C8-D8mh8W6A,49018,1530000
(실화) 6년만에 편집본이 나왔습니다 - GTA5 탈북 3,01W5lcJlzec,UCBkyj16n2snkRg1BAzpovXQ,1422084,1560000
아메리카 일진 체험하는 게임ㅋㅋㅋ,gDfrfMz2j90,UC9ta639M37zzWKwo7kKc80A,700175,1100000
[파트너 게임] 방송이고 뭐고 찐텐으로 빡친 풍자,ZOiKAeRJbJY,UCsRIHt5FkbGc6cQtCxt-ufA,7345431,4480000
격투 게임 방송으로 돈을 벌겠다는 40살 남편🤯 [무엇이든 물어보살] | KBS Joy 210607 방송,onLltCLu0Ag,UCr0adenI5KeQFJkMIGjq5qw,225650,984000
&quot;내려&quot;,jkW9WNhUsOs,UCBkyj16n2snkRg1BAzpovXQ,856625,1560000
[로스트아크] 반갑습니다. 행복한 주말 되시길 바랍니다.,eqneh58xhbI,UC46X_E7jxvJ1O_3gnaeCxeg,23052,90100
순간의 사고로 사망한 유튜버들,1U0w_vzT33U,UCLvUKqeQsxzwB5moOL-iqzQ,4391280,22700
왕 몰래 죽이고 왕 되는 게임ㅋㅋㅋ | 주둥이방송,sp8Z6DSSK5E,UC9ta639M37zzWKwo7kKc80A,589128,1100000
[대도LIVE] 반반유치원 - 겁나 무섭다는 공포 게임 방송입니닷! (23.04.12),Lu8VNkLAmcY,UCSHVH_AWVUc-C8-D8mh8W6A,79484,1530000
아무리 무서운 공포게임이라도 4명이서 한다면 무섭지 않다?,DQ9pnOKN-rY,UCBkyj16n2snkRg1BAzpovXQ,2399810,1560000
[🏡유리온실🏡] 다시 돌아온! 유리의 게임 방송 🎮,OEKoAODVXag,UCSEVFgCkKem_c3nIBm7F37g,177645,374000
[대도LIVE] 젤다의 전설 왕눈 게임 방송입니다!! (23.06.13),unA-WTx6NWg,UCSHVH_AWVUc-C8-D8mh8W6A,26832,1530000
[대도LIVE] 온리업! - 제2의 항아리 게임 방송입니닷!! (23.06.18),NGNNM6kPz1M,UCSHVH_AWVUc-C8-D8mh8W6A,55637,1530000
한 달 안에 팔로워 100만 명을 달성하기 위한 &quot;위험한 방송&quot;이 시작되었다...,YZog9KVA_R0,UC3LNd5iXQZ8WinaOpfwXveA,1560517,340000
우왁굳 vs 멀기트,r3xaNgxKQdQ,UCBkyj16n2snkRg1BAzpovXQ,389911,1560000
2023.08.26 할거없어서 하는 고전게임 방송   #던드2 #던전앤드래곤,7bxMAQsT_FE,UCW5y3cS6MXdzaxGX6lL6Zjg,164,4680
저 탈옥수 아닌데요..? 저 의사에요 - VR챗 상황극,KV7_0sbkFIg,UCBkyj16n2snkRg1BAzpovXQ,995413,1560000
오징어게임을 이렇게 완벽하게 재현할 줄이야 - 마인크래프트,7IQ1A_4qtMg,UCBkyj16n2snkRg1BAzpovXQ,2684786,1560000
유튜버로 성공하기 위해 가장 중요한 것은 무엇일까? - 설문놀이,wiB8GFFDxu8,UCBkyj16n2snkRg1BAzpovXQ,351915,1560000
[대도LIVE] 데이브 더 다이버 1일차 국산 게임 방송입니다!! (23.06.29),MMOjFm-zogM,UCSHVH_AWVUc-C8-D8mh8W6A,66172,1530000
걸러야 할 남자 카톡 프사 2023 버전,9LKgkHQR-BU,UC141BuVRzSSXJX33Am9yxEA,1452821,229000
[대도LIVE] 덕몽어스 3D 버전 - 드레드 헝거 게임 방송입니닷! (23.03.11),dp8tGUMio3Q,UCSHVH_AWVUc-C8-D8mh8W6A,56710,1530000
해커들 진짜 미친거 아님?,7B27OuDXn3c,UCBkyj16n2snkRg1BAzpovXQ,1050821,1560000
큰손이 개인방송에 10억을 후원하면 벌어지는 대참사 ...[결말포함],mtN5mie87Qo,UCIG4gr_wIy5CIlcFciUbIQw,4766242,2690000
정동하와 노가리 [여섯 번째 노가리],ZVk_7St0yxY,UCeSXtusw8JMp6oghU0AX5Ow,22501,18500
노가리 사랑방,0qfXPIBFyHA,UC3hQ86NW0gmz9vdfM3TFGzQ,929,203000
노가리TV,0qfXPIBFyHA,UCeSXtusw8JMp6oghU0AX5Ow,929,18500
최경주 프로님과 노가리 [다섯 번째 노가리],Q0pnQjPHYSM,UCeSXtusw8JMp6oghU0AX5Ow,42985,18500
"Ep.106 자식없는 노부부의 비밀 (자식을 낳지 못했지만 착하게  살며 오순도순 살아가던 부부에게 생긴 일) 민담, 전설, 야담. 노가리 사랑방",4Vj7mCC6ZWY,UC3hQ86NW0gmz9vdfM3TFGzQ,217868,203000
"경규옹, 침펄풍, 유현주 프로님과 노가리 [두 번째 노가리]",5VukL9rk9-s,UCeSXtusw8JMp6oghU0AX5Ow,261112,18500
혼자 노가리 [네 번째 노가리],SZvPaeZnMew,UCeSXtusw8JMp6oghU0AX5Ow,86193,18500
"노가리 새참 005 - 청어 굽는 아내 (반찬 투정하는 남편이 큰 마음 먹고 시장에서 청어 한 두름을 사와서 구워달라고 했다) 야담, 민담. 노가리 사랑방",rHO_XaX6Oss,UC3hQ86NW0gmz9vdfM3TFGzQ,92281,203000
[오딘 중립 미미르1] 노가리 까봅시당ㅋ 컨텐츠환영!,juksukEEuSk,UCJ99SRxX_fmzFufEaRgsxSQ,83,72
경규옹과 노가리 [첫 번째 노가리],tSCtmfVUu_c,UCeSXtusw8JMp6oghU0AX5Ow,320001,18500
"Ep.100 길에서 주운 돈 보자기 (청지기 염서방 이야기, 모든 것을 잃게 된 한 남자의 불행과 희망. 100화 특집 후기영상) 야사, 야담, 민담. 노가리 사랑방",lXlCr_AKxdc,UC3hQ86NW0gmz9vdfM3TFGzQ,257335,203000
"Ep.105 아내의 새 남자  (내가 두 눈 뜨고 있는데 아내가 외간남자와 살림을 차리다니!) 야담, 민담, 괴담. 노가리 사랑방",1gFBqlppFKk,UC3hQ86NW0gmz9vdfM3TFGzQ,149414,203000
"Ep.103 엉터리 지관과 찰거머리 상주 (천하명당을 찾기 위한 상주와 지관들의 대소동) 야담, 민담, 야사. 노가리 사랑방",4x07TCDFPQs,UC3hQ86NW0gmz9vdfM3TFGzQ,113823,203000
"Ep.097 비 오는 날 여종과 눈 맞은 대감마님 (심부름 가던 여종이 갑자기 사라졌다. 소나기 오던 날 무슨 일이?  추노, 수옹 목내선) 야사, 야담, 민담. 노가리 사랑방",ALZpLbTTxM4,UC3hQ86NW0gmz9vdfM3TFGzQ,1118150,203000
"경규옹, 유현주 프로님과 노가리 [세 번째 노가리]",2aTkZw1a010,UCeSXtusw8JMp6oghU0AX5Ow,342082,18500
"Ep.099 엿장수 총각의 기막힌 거짓말 (절대 질 수 없다고 생각한 내기에 빠져 딸까지 걸게 된 어느 부자의 이야기) 야담, 민담, 노가리 사랑방",vGBADJ5hsYE,UC3hQ86NW0gmz9vdfM3TFGzQ,210396,203000
잠깐의 휴식시간에도 쉬지 않는 노가리 타임,SxDdFNk6azM,UCaKod3X1Tn4c7Ci0iUKcvzQ,704603,3100000
"Ep.102 오늘밤 가장 불쌍한 부부 (남촌에 사는 어느 가난한 부부를 찾아온 불청객, 현종, 숙종, 이서우) 야사, 야담, 민담 노가리 사랑방",iK7sA0Nlt5A,UC3hQ86NW0gmz9vdfM3TFGzQ,207394,203000
"Ep.096 격 떨어지는 며느리를 내보내라 (며느리를 내쫒아버리라는 시아버지. 조선시대, 권경희) 야사, 야담, 민담, 노가리 사랑방",EJMBo__Dr8Y,UC3hQ86NW0gmz9vdfM3TFGzQ,193119,203000
"Ep.101 남편 없이 낳은 세 아이 (남편이 3년 동안 여행을 간 동안 아내가 아이 셋을 낳았다면) 민담, 야담, 야사, 전설. 노가리 사랑방",e4PsGqTJd0o,UC3hQ86NW0gmz9vdfM3TFGzQ,259721,203000
"Ep.092 사또와 이방 (한탕 크게 해 먹기 위해 부임한 사또와 아전들이 벌이는 웃지 못 할 이야기) 야담, 민담, 야사. 노가리 사랑방",qeusJ9EKqZM,UC3hQ86NW0gmz9vdfM3TFGzQ,204964,203000
"Ep.095 불쌍한 형의 결혼식 (의지할 곳 없는 신세가 된 불쌍한 동네형을 어떻게 해야 하나) 야담, 민담, 야사, 옛날 이야기. 노가리 사랑방",aNESafpJ9Pg,UC3hQ86NW0gmz9vdfM3TFGzQ,245240,203000
노가리 잠시 브레이크 타임,8ReY5U3xI18,UCeSXtusw8JMp6oghU0AX5Ow,17424,18500
"Ep.098 도깨비의 흥을 깨면 (도깨비가 박서방을 싫어하는 이유) 야담, 민담, 전설. 노가리 사랑방",zWbUC6hxErk,UC3hQ86NW0gmz9vdfM3TFGzQ,133292,203000
"Ep.087 개가 키운 아이 (고려시대 개 이야기, 의로운 개, 개와 함께 살아간 아이, 고려사) 야사, 야담, 민담. 노가리 사랑방",0Wr564PDTqA,UC3hQ86NW0gmz9vdfM3TFGzQ,276931,203000
"Ep.085 말할 수 없는 비밀 (아씨의 비밀을 듣게 된 방물장수 할머니, 조선 고종 때 일어난 일) 야담, 민담, 옛날 이야기, 노가리 사랑방",MFbqH3cOOYY,UC3hQ86NW0gmz9vdfM3TFGzQ,463438,203000
정준호 MSG 과다 첨가 의혹? 배종옥이 말하는 스키 신의 진실 | 노가리맛집,5aLrZvXKWzA,UCRMA_Nb5VF-YoWApSVeXPVA,253229,2400000
"Ep.094 낯선 여인과 하룻밤 (미륵당의 인연, 조선 정조 때 이야기) 야사, 야담, 민담. 노가리 사랑방",AE66q-5CXlU,UC3hQ86NW0gmz9vdfM3TFGzQ,332671,203000
"Ep.086 여종에게 생긴 일 (바위굴 안에서 맺은 하룻밤의 인연, 출신을 초월한 아름다운 사람들, 고청 서기, 공암) 야사, 설화, 민담, 야담. 노가리 사랑방",ZxXsxl-CJPM,UC3hQ86NW0gmz9vdfM3TFGzQ,1777341,203000
[#노가리맛집] 작품 때문에 게이바 다니면서 쌓아온 조정석의 빨간 토크 노하우,EfmFwIiZsZI,UCRMA_Nb5VF-YoWApSVeXPVA,2108953,2400000
"Ep.091 쌍매화, 두 명의 아내 (오대과부집의 유복자. 두 그루 매화나무 이야기. 고려말 조선초, 저생전 작가 쌍매당 이첨) 야사, 전설, 민담. 노가리 사랑방",1duWzA4-y9k,UC3hQ86NW0gmz9vdfM3TFGzQ,314465,203000
노가리타임,4i31XseSVL0,UCaKod3X1Tn4c7Ci0iUKcvzQ,1848931,3100000
"Ep.089 허리 다친 도깨비 (위기에 처한 선비와 도깨비의 보은) 민담, 야담, 야사, 전설. 노가리 사랑방",8jxKcVBFkOE,UC3hQ86NW0gmz9vdfM3TFGzQ,220890,203000
노가리엔 역시 석삼이형 거짓말이지💥! 그래서 형의 진심이 뭐야🤷‍♂️ #런닝맨 #RunningMan #SBSenter,0o5zZWHDaXM,UCmjNKt6kITwaZTqvWuaSPLg,640097,6820000
"노가리 사랑방 20만 구독자 달성! 감사 영상 (축하공연, 유튜브 채널 &#39;전설의 고냥&#39; 축전과 충격의 특별 이벤트!)",AK7f5fSRxoU,UC3hQ86NW0gmz9vdfM3TFGzQ,38911,203000
국밥에 대한 고찰 - 왁굳의 노가리,351V5xO8aeo,UCBkyj16n2snkRg1BAzpovXQ,1284260,1560000
"[#노가리맛집] 교회 다니는 부처 박미선이 말하는 남편 이봉원! 결혼은 내가 할게, 누가 미칠래?",Gqy0KVihmVQ,UCRMA_Nb5VF-YoWApSVeXPVA,1274349,2400000
"Ep.090 외로운 노처녀 막금이의 꿈 (외로운 처녀 막금이. 스물 일곱 다부진 산골 처녀에게 어렵게 들어온 청혼.  그러나 감감 무소식) 야담, 민담. 노가리 사랑방",Oo2sbzlgZRA,UC3hQ86NW0gmz9vdfM3TFGzQ,430677,203000
"Ep.056 무심코 잠든 남편의 코를 봤더니 (남편의 코에서 이상한 것이 나왔다. 혼쥐 이야기) 설화, 민담, 야담, 기담, 옛날 이야기. 노가리 사랑방",hOjl2X3NMzU,UC3hQ86NW0gmz9vdfM3TFGzQ,694228,203000
"Ep.093 다락방의 소녀 (오빠 생각, 다락방에서 책을 읽는 소녀. 그 아이가 기다리는 사람은. 최순애, 이원수. 오빠생각, 고향의 봄) 야사, 민담, 동화. 노가리 사랑방",QFFjtwpZzb4,UC3hQ86NW0gmz9vdfM3TFGzQ,161148,203000
일초를안쉼,Fc_4eqaJsfA,UCaKod3X1Tn4c7Ci0iUKcvzQ,12974214,3100000
신규 노가리(?) 컨텐츠 : 늪지대 스튜디오,oHIZv4Bs7Vo,UCQJuZxeDv2P05YHcC-tIEVQ,73216,1230000
"Ep.070 아내에게 말하면 안되는 남편의 비밀 (절대 해서는 안되는 말) 민담, 야담, 전설, 옛날이야기. 노가리 사랑방",rf8PSpiWRb4,UC3hQ86NW0gmz9vdfM3TFGzQ,521083,203000
"Ep.082 결혼 했는데 남편이 이상해요 (마마보이 옹생원과 소박 맞은 신부 그리고 듬직한 사위, 만암 이상진) 야사, 야담, 민담, 노가리 사랑방",TRmagn5R-C8,UC3hQ86NW0gmz9vdfM3TFGzQ,591320,203000
"Ep.044 분을 파는 할머니 (조선조 숙종 시절 분 팔고 다니던 할미의 이야기. 사랑과 이별, 그리고 남겨진 인생) 민담. 야사. 야담. 옛날 이야기. 노가리 사랑방",eXbv_w0bN5U,UC3hQ86NW0gmz9vdfM3TFGzQ,499704,203000
📢노가리 맛집?!! 지칠 때까지 떠들어보자!!!｜양띵크루의 TMI #1,S70F8y6mvr4,UCYooECrv-fIXlPaDwEIaveA,500389,1680000
"Ep.059 사상 최악의 대홍수 (을축년 대홍수 1925년의 기적, 나무에 매달린 708명의 사람들, 강남 물난리, 송파나루, 청호스님의 거룩한 선행) 미담, 실화. 노가리 사랑방",tkaCT726w4c,UC3hQ86NW0gmz9vdfM3TFGzQ,270124,203000
"2023.07.13 노가리 (w.감블러,김뿡,코렛트) [김뚜띠 다시보기]",saJ9v-cQV3U,UCU1Mnp1ru7ZA2hsz_Lm_mjA,8257,27300
"2023 신년특집 - 알고 보면 무서운 흑토끼 (계묘년 흑토끼해를 맞아 특집극을 올립니다) 야담, 민담, 전설, 우화. 노가리 사랑방",1va0Iq033Is,UC3hQ86NW0gmz9vdfM3TFGzQ,120405,203000
"Ep.026 별에서 온 머슴 (A Servant from the Star.가난한 노부부에게 찾아온 머슴 총각.) Korean Old story. 민담, 미담, 노가리 사랑방.",zYaQB020H8k,UC3hQ86NW0gmz9vdfM3TFGzQ,402035,203000
【 2023.02.10 / 저스트채팅 】 - 탬탬버린 다시보기,YZP0x90VChA,UCTYNOog4xiq-rs2EaSmTnJw,31287,95700
【 2022.07.13 / 저스트채팅 】 - 탬탬버린 다시보기,pGJLkfOZ7kU,UCTYNOog4xiq-rs2EaSmTnJw,51978,95700
【 2021.01.17 / 저스트채팅 】 - 탬탬버린 다시보기,78kFdlqRWUo,UCTYNOog4xiq-rs2EaSmTnJw,64647,95700
【 2022.11.20 / 저스트채팅 】 - 탬탬버린 다시보기,53HsJ9liS2c,UCTYNOog4xiq-rs2EaSmTnJw,8734,95700
【 2023.02.04 / 저스트채팅 】 - 탬탬버린 다시보기,pW_prcrKogA,UCTYNOog4xiq-rs2EaSmTnJw,15265,95700
【 2022.05.30 / 저스트채팅 】 - 탬탬버린 다시보기,MUpJDDZUzQk,UCTYNOog4xiq-rs2EaSmTnJw,21702,95700
【 2023.05.12 / 저스트채팅 】 - 탬탬버린 다시보기,Ylk7NiXX7Bk,UCTYNOog4xiq-rs2EaSmTnJw,14787,95700
【 2022.08.31 / 저스트채팅 】 - 탬탬버린 다시보기,lxqWHUwxfJU,UCTYNOog4xiq-rs2EaSmTnJw,22449,95700
이춘향 [너만 보면 웃음이 나와]l저스트채팅l,zoLZttZzghs,UCH-5Xjx6MuEySkb-lAdIEeg,71462,178000
【 2022/12/19 저스트채팅 】 - Just Chatting,MxXn1wa9zZQ,UCpsZOPXJA8aiIKWb0HrKizQ,5069,8670
【 2021.12.18 / 저스트채팅 】 - 탬탬버린 다시보기,KjB-GDlEgoE,UCTYNOog4xiq-rs2EaSmTnJw,18031,95700
【 2023/07/23 저스트채팅 】 - Just Chatting,0Hvxcaerha8,UCpsZOPXJA8aiIKWb0HrKizQ,415,8670
【 2022.09.17 / 저스트채팅 】 - 탬탬버린 다시보기,lO0ngQ5EmZ8,UCTYNOog4xiq-rs2EaSmTnJw,9891,95700
2023/8/21 [저스트 채팅 + @],_4WraPGxRxk,UCNFHliyyDvsn8BpM109_2xA,13,91
【 2023.04.11 / 저스트채팅 】 - 탬탬버린 다시보기,fE3gYxqh3-4,UCTYNOog4xiq-rs2EaSmTnJw,20592,95700
시청자와 평생 소통하고 싶은~ 무료 브금 Free BGM ⎮ Just Chatting 영원히 저작권 없는 음악 1시간 ⎮ No Copytight Music,mrsA-QsQad0,UC7HAqEtO4JNA-Km6mOpBP0w,85658,5050
"【 2023.03.25 / 저스트채팅 + 디스코드 대화 (w 김뚜띠, 나나양, 이춘향) 】  - 탬탬버린 다시보기",-BVN7tvaSUg,UCTYNOog4xiq-rs2EaSmTnJw,21396,95700
【 2023.01.29 / 저스트채팅 】 - 탬탬버린 다시보기,q4dnUJjOvqU,UCTYNOog4xiq-rs2EaSmTnJw,9040,95700
(유튜버/스트리머/BJ) 방송을 하는 방법과 시청자 수 늘리는 방법 / 하꼬,ZeFZyUwIv7o,UCfErRnESYXp86XRZVNZYK_g,141486,41300
【 2023/08/09 저스트채팅 + 롤토체스 】 - Just Chatting,DnBF2Qd5Ef0,UCpsZOPXJA8aiIKWb0HrKizQ,377,8670
【 2020.06.27 / 저스트채팅 (음식 이야기) 】 - 탬탬버린 다시보기,mE9pwSndGoo,UCTYNOog4xiq-rs2EaSmTnJw,104524,95700
【 2023/07/31 저스트채팅 】 - Just Chatting,owQxcsxZLmM,UCpsZOPXJA8aiIKWb0HrKizQ,502,8670
시청자와 평생 소통하고 싶은~ 무료 브금 Free BGM ⎮ Just Chatting 영원히 저작권 없는 음악 1시간 ⎮ No Copytight Music,NH7IxybZq3M,UC7HAqEtO4JNA-Km6mOpBP0w,334829,5050
【 2022.10.28 / 저스트채팅 】 - 탬탬버린 다시보기,KNtcrk33pUc,UCTYNOog4xiq-rs2EaSmTnJw,27217,95700
【 2022.08.09 / 저스트채팅 】 - 탬탬버린 다시보기,1BWYbl00tCY,UCTYNOog4xiq-rs2EaSmTnJw,7831,95700
[저스트 채팅] 방송 7주년 기념으로 우는 녹두로,H8mhRotFxnw,UCyQI76CdxEjDbeABx_4gKKQ,12217,512
【 2023/08/01 저스트채팅 】 - Just Chatting,n7pkeJcbPcA,UCpsZOPXJA8aiIKWb0HrKizQ,215,8670
【 2023/08/21 저스트채팅 】 - Just Chatting,jqaMlwNCClM,UCpsZOPXJA8aiIKWb0HrKizQ,172,8670
"2023년 06월 22일 / 배틀그라운드, 저스트 채팅",rp-Pu9tUvDs,UC7XagOkzFvE4Gm7doMNWqiw,656,1630
【 2023.01.15 / 저스트채팅 】 - 탬탬버린 다시보기,zosaMDVmpKs,UCTYNOog4xiq-rs2EaSmTnJw,8902,95700
【 2023/07/24 저스트채팅 】 - Just Chatting,anTT5Oi1Dd8,UCpsZOPXJA8aiIKWb0HrKizQ,591,8670
[트위치 방송] 저스트 채팅 / 2023년 8월 19일 토요일,fZGQPquUfjI,UCy085ajGDTNZNxUmguyRr_Q,2,9
【 2021.04.04 / 저스트채팅 】 - 탬탬버린 다시보기,jvp5CB7otB0,UCTYNOog4xiq-rs2EaSmTnJw,33383,95700
230627 저스트채팅,6zw1jfQWrXI,UCqiIPMN7TDZXypmYGqS_BXQ,701,2470
2023.04.05 저스트 채팅,FTEN8kMrZpM,UCM48PoQigfAmKlj8VICtmsg,1181,9070
【 2022.08.19 / 저스트채팅 + 러스트 (3) 】 - 탬탬버린 다시보기,ub2q3Zcf_Kk,UCTYNOog4xiq-rs2EaSmTnJw,27403,95700
[2023.08.01] 저스트 채팅 : 새로운 친구가 생겼어요!,qVuD95zgkqA,UCfjaz65H44kj4NM_HapqhiQ,3,41
[23.06.17] 게릴라 저스트 채팅,Hj8UlDevq9A,UCr-8mZlAFkrOQqxdzs7BrGw,88,226
2023 08 21 - 저스트 채팅인거야,bX7KLje3tsw,UCuHoTKqYB4CRNFg-xcG4UWQ,128,332
8월17일 저스트채팅 방송 휘준이!,i8mZ8fasm-Y,UCBiCqMEhF8mfGQEluUGzvJw,1,3
【 2023/06/22 저스트채팅 】 - Just Chatting,bToJ1UV8RTc,UCpsZOPXJA8aiIKWb0HrKizQ,581,8670
저스트채팅 JustChatting,0qfXPIBFyHA,UCBDBGDAIhbyRGngDn2YwAkg,929,8
"【 2023.02.15 / 저스트채팅 + 마리오 파티 슈퍼스타즈 (w 김뚜띠, 김진우, 이춘향) 】 - 탬탬버린 다시보기",N0A8r6FOp1I,UCTYNOog4xiq-rs2EaSmTnJw,59559,95700
썰풀기  | 저스트채팅 Just Chatting [20230805],bIT1KPY6hUA,UCtsVey8di3XyYtTZJGwqPCg,10,495
【 2023/07/14 저스트채팅 】 - Just Chatting,2JOOOoE-rG8,UCpsZOPXJA8aiIKWb0HrKizQ,453,8670
【 2021.01.26 / 저스트채팅 】 - 탬탬버린 다시보기,13-rfloFDII,UCTYNOog4xiq-rs2EaSmTnJw,122149,95700
"저스트 채팅 - 【 2023/03/22】 ① w.이춘향, 코렛트 - 임나은 다시보기",8Rf5XAqBwIU,UCAOFMaN0TtePu3vIHZVjbzQ,2919,16600
【 2023.05.26 】 저스트 채팅,Roaw5J_Bc_A,UCifHBh6TQoeZ6hB-FlWbhIw,47,147
[트위치 방송] 저스트 채팅(Just Chatting) / 2023년 4월 8일,Tz9cpmYPhco,UCy085ajGDTNZNxUmguyRr_Q,15,9
2023 06 12 스케쥴 짜기/저스트채팅,Yv1a4A_hgDc,UCcvRE-uYSwAnZGg0H3nfuMw,57,391